Question,A3UN1UMZN94SAZ,A3UN1UMZN94SAZ,A14ADQ7RUN6TDY,A36SM7QM8OK3H6,ANUXUJE8QRE0C,A27W025UEXS1G0,A3SOZYQZWJOOYS,A27W025UEXS1G0,A20BMZQJS92QY2,A20BMZQJS92QY2,A2RBF3IIJP15IH,APLBF6JY2C1QZ,A15V8K8M4TXT9Y,A1N4AZ1QXPOPXH,A1VIP6S8H2XXH7,A35C12CR628WKD,A1PTH9KTRO06EG,A1DJNUJZN8FE7N,A1BWR5RBQDZQ16,A1CA46R2A6TV9W,A1LRDHZZUVF9AZ,A1945USNZHTROX,A1GXFMAC759VRM,A2DWPP1KKAY0HG,A3GZYWA9S6J0K9,A21H2UDDHN8ZF,A36SM7QM8OK3H6,A2NA2OJT15COZY,A3LJ2FHESYV9QQ,A3GPTSDDHJ2DBV,A3LRZX8477TYYZ,A11NPNK8885N99,A3LRZX8477TYYZ,A38DXFI1TZA295,A11P1OS26E6AMO,A3UTFL5JHRQCM1,A1Z0O5MC9DAE8C
Shortest: hook_side: over the top: cube_h_: W,5,,0,,,,,,,,,0,,,,,,,,,,,,,,,,,,,,,,,,,
Shortest: 2fingerpinch_side: end to end: cube_h_: H,,11,,,25,21,,,,0,21,18,,,,27,77,0,2,1,5,0,25,48,30,20,25,5,30,21,20,20,10,15,10,20,15
Shortest: 2fingerpinch_top: end to end: cone_h_: W,,,,,30,,0,25,,,,,4,75,,,92,,,,41,5,,,52,51,0,0,40,,,,30,,,,
Shortest: equidistant_top: 3 around the sides: cylinder_e_: W,,11,,30,30,,,6,,,,,,,,,,,,0,0,,,28,11,,,,,7,,30,0,15,,,5
Longest: 3fingerpinch_side: end to end: cylinder_w_: W,,,,,,,,62,,,,,,,60,0,37,,,,,,,,,100,0,,,,,,0,,,,
Shortest: 3fingerpinch_top: opposite sides: cylinder_h_: W,,,,,,6,0,,0,,24,30,,95,,,,,,,,,,,42,,100,,30,,,100,,,0,,
Shortest: 3fingerpinch_top: opposite sides: cylinder_h_: H,,,,40,,,,41,0,,,,,,,,,,,1,,,100,,,,,,,,100,,100,100,,100,
Longest: 3fingerpinch_side: end to end: cylinder_w_: H,,,90,,,,100,,100,,79,,,20,,,,,78,,100,,40,,96,,,,79,,90,,,49,,57,95
Shortest: equidistant_top: 3 around the sides: cylinder_e_: H,11,,28,,,21,,,,19,21,,,85,,28,87,,,,,,40,,,,23,,30,,,,,,15,,
Shortest: hook_side: over the top: cube_h_: E,,,,,,,,19,0,,,,6,,,,,,,,,,,,,,,,,,,,,,,,
Shortest: hook_side: over the top: cube_h_: H,,,,,,20,,,,,2,,,,25,,,,,,,,,,,,,,,,,,,,,,
Shortest: 3fingerpinch_top: opposite sides: cylinder_h_: E,0,,,24,,,,,,,21,,,,14,,27,0,37,,0,,,,,,,,100,,,,,,0,,0
Longest: 3fingerpinch_side: end to end: cylinder_w_: E,82,,,55,100,,,,,,,100,,,,,,,,100,,,,41,,,,,,100,,0,,,95,,
Longest: 2fingerpinch_side: around the sides: cone_h_: E,,,95,59,,,,,,50,,,,5,,68,63,100,66,100,95,54,50,56,95,,70,34,85,61,70,0,50,66,85,51,95
Longest: hook_side: around the sides: ellipse_h_: E,38,,28,,60,,,43,,,59,100,,5,,,,,,,,,,,,,,,,,,,,,,,
Shortest: 3fingerpinch_side: end to end: cube_h_: W,6,,,26,0,,,,,,,0,,,,,,,,1,,,,26,,,,,,21,,5,,,0,,
Longest: 2fingerpinch_side: around the sides: cone_h_: H,,,,,,93,100,98,100,,,,,,85,91,76,100,83,56,100,100,70,63,100,38,100,51,65,65,61,85,0,100,100,100,100
Longest: 2fingerpinch_side: around the sides: cone_h_: W,75,52,,,70,,,,,,,100,,,,68,76,40,44,100,85,55,51,,78,59,59,52,75,76,100,60,35,58,90,60,60
Shortest: 2fingerpinch_top: end to end: cone_h_: H,,,9,46,,40,,,,10,22,,,,,30,,,,,,,,,,,,,,,,,,,,,
Shortest: 3fingerpinch_side: end to end: cube_h_: H,,,,,,,,30,,,,,,,15,0,100,,,,,,,,,20,100,,,,,,100,,,,
Shortest: 3fingerpinch_side: end to end: cube_h_: E,,,0,,,,0,,0,,3,,,70,,,,,9,,0,,30,,12,,,,10,,0,,,11,,0,3
Shortest: 2fingerpinch_side: end to end: cone_e_: W,,,0,,,,,,0,,,,1,85,,5,75,0,29,9,0,1,30,47,43,39,0,0,40,20,0,20,25,0,10,4,10
"Shortest: equidistant_side: 2 pinch the sides, 1 on the top: cone_h_: H",,,24,47,40,,,23,0,,42,,,100,,46,,0,,,,,,,,,,10,50,,,,,,25,,
Longest: 3fingerpinch_side: end to end: cone_e_: H,100,,,35,100,,,,,,,100,,,,,,,,100,,,,40,,,,,,,,100,,,100,,
Longest: 3fingerpinch_side: end to end: cone_e_: E,,,,,,,,55,,23,,,39,,45,0,8,,,,,32,,,,76,0,,,,,,0,,,,
"Shortest: equidistant_side: 2 pinch the sides, 1 on the top: cone_h_: E",,0,,,,2,0,,,11,,19,,,,,82,,2,1,5,0,,,14,40,,,,20,0,,0,3,,13,
Longest: 3fingerpinch_side: end to end: cone_e_: W,,,58,,,,50,,30,,50,,,10,,,,,52,,65,,40,,55,,,,55,,45,,,39,,46,60
"Shortest: equidistant_side: 2 pinch the sides, 1 on the top: cone_h_: W",12,,,,,,,,,,,,,,25,,,,,,,,30,23,,,0,,,,,20,,,,,5
Longest: equidistant_top: 3 around the sides: cone_e_: H,,,,,,,79,,30,,,100,,,60,,,68,51,,,82,,,,41,,33,,,50,,,,,28,
Shortest: equidistant_top: 3 around the sides: cylinder_e_: E,,,,,,,0,,0,,,0,14,,11,,,0,23,,,0,,,,41,,1,,,30,,,,,6,
"Shortest: equidistant_side: 3 around the sides, palm on round: cone_h_: W",,,1,,0,1,,,,8,,,,,,,62,,,,,0,30,22,18,,,,,,,,,,,,5
Longest: hook_side: around the sides: cylinder_h_: W,59,,62,,65,,,63,,71,59,100,39,5,,,,,,,,,,,,,,,,,,,,,,,
Longest: 2fingerpinch_top: 2 around the sides: ellipse_h_: W,80,,,100,,,50,,30,,,91,,10,,,,,,,80,,50,50,,,68,52,,,70,61,50,83,,51,90
"Shortest: equidistant_side: 3 around the sides, palm on round: cone_h_: E",0,,,43,,,0,22,0,,21,17,,100,17,,,,7,1,20,,,,,,,,85,,16,,20,17,13,26,
Shortest: 2fingerpinch_side: end to end: cone_e_: H,,,,44,,,35,39,,,,,,,26,28,80,0,38,4,5,15,30,55,20,41,33,13,40,40,30,19,20,19,10,20,25
Longest: 2fingerpinch_top: 2 around the sides: ellipse_h_: H,,,100,,100,,,,,41,,,,,65,,99,,,50,100,,,,,100,,,75,,,,,,90,,
Longest: hook_side: around the sides: cylinder_h_: E,21,100,,,,31,,,,,,,,,,,,,,,,,,,,,,,,,,,,,,,
Longest: 2fingerpinch_top: 2 around the sides: ellipse_h_: E,,60,,,,62,,97,,,59,,56,,,51,96,100,60,,,90,55,50,97,,74,,,66,60,,,,,78,100
Longest: hook_side: around the sides: cylinder_h_: H,,,100,77,70,,80,58,50,50,59,,,0,,,,,,,,,,,,,,,,,,,,,,,
"Shortest: equidistant_side: 3 around the sides, palm on round: cone_h_: H",,23,,,,,,,,,,,33,,,46,,0,,,,,,,,40,44,16,,39,,30,,,,,
Longest: equidistant_top: 3 down the sides: cone_h_: W,,,,70,,,100,,,,,,,20,,,,100,57,,100,,75,75,,90,,,90,,,100,0,,90,70,
Shortest: 2fingerpinch_side: end to end: cone_e_: E,,18,,,25,21,,,,29,22,18,,,,29,97,0,4,0,20,23,30,38,23,19,22,9,40,19,9,20,10,16,10,20,10
Shortest: 2fingerpinch_top: 2 around the sides: cube_h_: H,13,,,27,,,0,,,,,20,,60,,,,,,,5,,30,24,,,22,16,,40,15,100,5,17,,29,5
Shortest: hook_side: over the top: ellipse_h_: E,6,,0,,,,,,,,,31,,,,,,,,,,,,,,,,,,,,,,,,,
Shortest: 2fingerpinch_side: around the sides: cone_h_: W,8,0,,,0,,,,,,,16,,,,6,66,0,9,1,15,0,30,48,51,40,0,2,15,25,10,20,19,12,15,5,10
Shortest: hook_side: over the top: ellipse_h_: H,,15,,32,25,,15,,,,,,,95,,,,,,,,,,,,,,,,,,,,,,,
Shortest: hook_side: over the top: ellipse_h_: W,,,,,,5,,,,10,2,,,,28,,,,,,,,,,,,,,,,,,,,,,
Shortest: 2fingerpinch_side: around the sides: cone_h_: H,,,,,,16,40,56,0,,,,,,25,46,82,0,21,24,5,12,50,41,74,19,45,15,45,20,40,30,100,14,20,39,40
Shortest: 2fingerpinch_top: 2 around the sides: cube_h_: E,,,,,,,,,,,,,,,,9,,0,21,2,,6,,,30,44,,1,30,,,20,20,8,10,,
Shortest: 2fingerpinch_side: around the sides: cone_h_: E,,,0,31,,,,,,0,,,,90,,14,71,0,6,31,4,0,30,45,58,74,8,2,25,20,0,100,0,30,15,0,5
Shortest: 2fingerpinch_side: around the sides: cylinder_h_: H,,,10,35,,,,,,0,,,1,95,,25,97,0,5,0,15,0,25,25,30,20,65,15,30,20,20,30,10,17,10,20,20
Longest: 3fingerpinch_side: around the sides: cone_h_: E,,,,,,67,,92,,,,100,,,,88,85,,51,100,,100,,,,79,,14,,66,,,40,,,11,100
Longest: 3fingerpinch_side: around the sides: cone_h_: H,25,90,,,,,100,,,,29,,55,40,,,,100,,,,,40,,,,,,,,50,,,,97,,
Longest: 2fingerpinch_top: 2 around the sides: cube_h_: W,,66,,,,51,,56,,,44,,54,,,50,51,90,65,,,,40,46,85,,0,,,37,55,,,,,31,100
Longest: 2fingerpinch_top: 2 around the sides: cube_h_: H,100,,,52,,,100,,,,,91,,40,,,,,,,95,,35,45,,,31,100,,,45,0,35,58,,48,100
Longest: 3fingerpinch_side: around the sides: cone_h_: W,,,51,54,51,,,,,31,,,,,53,,,,,,57,,,42,62,,46,,50,,,50,,55,,,
Shortest: hook_side: around the sides: cube_h_: E,,,,26,,3,,,,,,,10,,21,,,,,,,,,,,,,,,,,,,,,,
Longest: 2fingerpinch_top: 2 around the sides: cube_h_: E,,,,,,,,,,,,,,,,53,,99,68,100,,80,,,86,73,,100,60,,,40,40,43,100,,
"Shortest: equidistant_side: 2 pinch the sides, 1 on the top: cylinder_h_: E",,,1,10,0,,,5,0,,1,,,85,,7,,0,,,,,,,,,,0,70,,,,,,0,,
"Shortest: equidistant_side: 2 pinch the sides, 1 on the top: cylinder_h_: H",24,,,,,,,,,,,,,,18,,,,,,,,30,23,,,25,,,,,15,,,,,5
Shortest: 2fingerpinch_side: around the sides: cylinder_h_: W,,,,,,3,0,56,0,,43,,,,20,10,63,0,5,3,2,0,40,25,29,20,0,1,25,17,0,10,0,7,5,0,2
"Shortest: equidistant_side: 2 pinch the sides, 1 on the top: cylinder_h_: W",,0,,,,4,0,,,12,,16,17,,,,60,,11,0,5,0,,,9,,,,,13,20,,10,17,,15,
Shortest: 2fingerpinch_top: 2 around the sides: cube_h_: W,,27,,,,20,,23,,,20,,46,,,11,45,0,20,,,83,30,28,30,,100,,,20,20,,,,,7,5
Longest: 3fingerpinch_top: around the sides: cylinder_e_: H,,,,64,,,,51,100,,,,,20,,,,,,,,0,,,92,,,,,,0,,,0,,,
Longest: 3fingerpinch_top: around the sides: cylinder_e_: E,,,,,,,100,,,,40,,,,47,,5,,74,,,,,,,,,,,,,,0,,35,,0
Shortest: 2fingerpinch_side: around the sides: cylinder_h_: E,0,29,,,0,,,,,,,9,,,,10,78,0,6,11,5,0,30,0,40,20,9,0,10,5,0,20,0,14,0,0,5
Longest: 3fingerpinch_top: around the sides: cylinder_e_: W,,,0,,,54,,,,,,,,,,0,,,,100,,,,,,56,0,,30,,,0,,,,49,
Shortest: hook_side: over the top: cylinder_h_: H,,,,,,,,20,0,,,,5,,,,,,,,,,,,,,,,,,,,,,,,
Shortest: hook_side: over the top: cylinder_h_: E,,,,,,24,,,,30,38,,,,28,,,,,,,,,,,,,,,,,,,,,,
Shortest: hook_side: over the top: cylinder_h_: W,,18,,31,0,,80,,,,,,,95,,,,,,,,,,,,,,,,,,,,,,,
Longest: 3fingerpinch_top: opposite sides: cube_h_: W,,,0,,,40,,55,,,,,,,62,0,0,,,79,,,,,,,,,,,0,0,,0,,,0
Shortest: equidistant_top: 3 down the sides: cylinder_h_: W,,5,,,30,,,24,,0,,0,,,20,8,,,,7,,0,,,,,,,,,35,,,,,,5
Shortest: 3fingerpinch_top: opposite sides: cylinder_w_: W,,,,24,,,,,,,,,,,,,,,,1,,,,,,,,,,,100,,100,100,,100,
"Shortest: equidistant_top: 2 around the sides, 1 on the base: cone_e_: E",,,,,30,24,,,0,,23,5,,,24,29,74,60,6,31,20,21,,,70,42,26,3,30,21,40,100,40,32,20,28,5
Shortest: equidistant_top: 3 down the sides: cylinder_h_: E,,,,33,,,0,,,,,,,75,,,,0,27,,30,,25,31,,40,,,30,,,10,19,,10,0,
Longest: 3fingerpinch_top: opposite sides: cube_h_: E,,30,,74,,,,58,30,28,,,46,,,,,,,71,,,,,,,,,,,0,,0,0,,0,
Shortest: 3fingerpinch_top: opposite sides: cylinder_w_: H,,,0,,,22,,23,,,,,,,24,0,100,,18,1,,,,,,22,,,,,100,100,,100,,,0
Shortest: equidistant_top: 3 down the sides: cylinder_h_: H,13,,6,,,21,,,0,,2,,2,,,,74,,,,,,,,29,,25,2,,19,,,,18,,,
Longest: 3fingerpinch_top: opposite sides: cube_h_: H,,,,,,,50,,,,,50,,0,,0,,,,,100,,,,57,58,0,,,,,,0,,,,
Longest: 3fingerpinch_side: around the sides: cylinder_h_: E,,,92,60,100,,,,,22,,,,,59,,,,,,100,,,32,97,,52,,70,,,55,,58,,,
Longest: equidistant_top: 3 around the sides: cone_e_: W,76,,30,,,40,,,,31,27,,,25,,49,79,,,,,,65,,,,63,,95,,,,,,90,,
Longest: hook_side: over the top: cylinder_h_: W,,61,,94,91,,,,,,,,,5,,,,,,,,,,,,,,,,,,,,,,,
Shortest: 2fingerpinch_top: end to end: cylinder_w_: W,9,,,,,,,,0,,,,,,0,,,,,,,,,25,,,,,,,,,,13,,7,5
Longest: 3fingerpinch_side: around the sides: cylinder_h_: W,59,73,,,,,70,,,,65,,58,10,,,,70,,,,,45,,,,,,,,45,,,,95,,
Longest: hook_side: over the top: cylinder_h_: H,,,,,,,,95,30,,,,15,,,,,,,,,,,,,,,,,,,,,,,,
Longest: hook_side: over the top: cylinder_h_: E,,,,,,91,,,,100,61,,,,57,,,,,,,,,,,,,,,,,,,,,,
Shortest: 2fingerpinch_top: end to end: cylinder_w_: E,,,23,21,,20,,,,10,3,,,,,8,,,,,,,30,,,,,,,,,,,,,,
Longest: 3fingerpinch_top: opposite sides: cylinder_w_: W,,,,46,,,,,,,,,,,,,,,,100,,,,,,,,,,,0,,0,0,,0,
Shortest: 2fingerpinch_top: end to end: cylinder_h_: W,,,1,28,,24,,,,10,20,,,,,11,,,,,,,25,,,,,,,,,,,,,,
Shortest: 2fingerpinch_top: end to end: cylinder_h_: H,16,,,,,,,,0,,,,,,0,,,,,,,,,22,,,,,,,,,,14,,27,5
"Shortest: equidistant_top: 2 around the sides, 1 on the base: cone_e_: W",,17,40,,,,0,,,30,,,,,,10,78,0,14,8,20,0,,30,70,,26,1,40,37,40,100,10,21,5,24,6
Longest: 3fingerpinch_top: opposite sides: cylinder_w_: H,,,0,,,37,,38,,,,,,,50,0,0,,26,100,,,,,,52,,,,,0,0,,0,,,0
"Longest: equidistant_side: 3 around the sides, palm on round: ellipse_h_: W",,67,,,,,,,,,,,53,,,68,,50,,,,,,,,,37,50,,67,,45,,,,,
"Longest: equidistant_side: 3 around the sides, palm on round: ellipse_h_: E",,,100,,100,95,,,,30,,,,,,,99,,,,,100,50,78,100,,,,,,,,,,,,100
"Longest: equidistant_side: 3 around the sides, palm on round: ellipse_h_: H",71,,,52,,,100,67,30,,60,94,,25,48,,,,54,95,100,,,,,,,,70,,53,,70,46,100,59,
Shortest: hook_side: around the sides: cube_h_: H,13,,27,,20,,,24,,9,0,10,23,95,,,,,,,,,,,,,,,,,,,,,,,
Longest: equidistant_top: 3 around the sides: cone_e_: E,,76,,78,51,,,68,,,,,,,,,,,,100,50,,,,95,,,,,78,,0,70,57,,,95
Longest: hook_side: over the top: cylinder_e_: E,,100,,58,100,,100,,,,,,,30,,,,,,,,,,,,,,,,,,,,,,,
Longest: hook_side: over the top: cylinder_e_: H,35,,100,,,,,,,,,100,,,,,,,,,,,,,,,,,,,,,,,,,
Longest: hook_side: over the top: cylinder_e_: W,,,,,,,,61,30,,,,,,,,,,,,,,,,,,,,,,,,,,,,
Shortest: equidistant_top: 3 around the sides: cube_h_: E,10,,0,,,6,,,,0,4,,,100,,8,80,,,,,,30,,,,0,,35,,,,,,0,,
"Shortest: equidistant_side: 3 around the sides, palm on flat: cone_e_: E",21,,26,,,,,,0,,,,,90,18,9,83,15,3,1,,0,,,26,40,30,19,,,10,100,100,15,5,100,6
"Shortest: equidistant_side: 3 around the sides, palm on flat: cone_e_: H",,,,,,60,0,,,9,61,,,,,70,90,20,20,0,26,,,,74,41,67,34,,71,35,100,100,30,20,100,20
Longest: 2fingerpinch_side: end to end: cylinder_w_: W,,52,,,50,53,,,,52,34,89,,,,50,30,60,82,100,71,,50,,74,,50,40,55,57,40,45,30,56,95,49,80
"Shortest: equidistant_top: 2 around the sides, 1 on the base: cone_e_: H",12,,,41,,,,41,,,,,2,80,,7,86,0,9,4,21,0,,27,36,20,25,4,30,40,20,100,20,15,10,32,5
Longest: 2fingerpinch_side: end to end: cylinder_w_: H,,,73,,,,,,,,,,75,15,,69,16,100,69,100,100,71,45,,79,71,51,35,60,56,70,45,40,78,100,71,98
"Shortest: equidistant_side: 3 around the sides, palm on flat: cone_e_: W",,,,69,,,,6,,,,16,,,,5,87,0,5,0,20,,30,,29,40,4,0,,,0,100,100,10,5,100,7
Shortest: hook_side: around the sides: cube_h_: W,8,0,,,,2,,,,,,,,,,,,,,,,,,,,,,,,,,,,,,,
Longest: 2fingerpinch_side: end to end: cylinder_w_: E,,,,47,,,60,91,,,,,,,31,50,82,100,31,100,100,100,50,27,93,89,47,36,65,24,50,40,30,100,90,60,100
Longest: 2fingerpinch_side: end to end: cube_h_: W,,,,44,,,60,43,,,,,,,41,55,63,65,49,100,80,46,55,54,62,,33,43,55,56,40,50,40,57,95,51,80
Shortest: 3fingerpinch_top: opposite sides: cube_h_: W,,,0,,,4,,23,,,,,,,35,0,100,,,1,,,,,,,,,,,100,100,,100,,,0
Longest: 2fingerpinch_side: end to end: cube_h_: E,,,100,,,,,,25,,,,75,30,,49,69,100,86,100,100,100,55,79,90,,45,100,60,60,55,50,50,56,95,50,100
Shortest: 3fingerpinch_top: opposite sides: cube_h_: E,,22,,0,,,,22,0,10,,,4,,,,,,,26,,30,,,,,,,,,100,,100,100,,100,
Shortest: 3fingerpinch_top: opposite sides: cube_h_: H,,,,,,,15,,,,,50,,100,,0,,,,,50,,,,43,39,100,,,,,,100,,,,
Longest: 2fingerpinch_side: end to end: cube_h_: H,,39,,,45,51,,,,31,56,100,,,,68,71,100,86,98,100,100,50,,89,60,39,58,65,63,50,45,40,55,100,49,100
Longest: 2fingerpinch_top: end to end: cone_h_: W,,,,,50,,100,59,,,,,16,25,,,87,,,,90,79,,,100,100,100,47,65,,,,60,,,,
Longest: 2fingerpinch_top: end to end: cone_h_: H,,,100,54,,96,,,,30,94,,,,,92,,,,,,,,,,,,,,,,,,,,,
Longest: 2fingerpinch_top: end to end: cone_h_: E,,80,,,,,,,,,,100,,,,,,100,66,100,,,,,,,,,,,90,0,,,90,,
Shortest: hook_side: over the top: cylinder_e_: H,15,,2,,,,,,,,,10,,,,,,,,,,,,,,,,,,,,,,,,,
Longest: equidistant_top: 3 around the sides: cylinder_e_: H,55,,91,,,44,,,,30,38,,,0,,72,84,,,,,,60,,,,49,,65,,,,,,80,,
"Longest: equidistant_side: 3 around the sides, palm on flat: cube_h_: H",,,,78,,,,87,,,,71,,,,86,93,100,49,93,95,,,,100,52,0,47,,,0,0,0,56,100,0,91
Longest: equidistant_top: 3 around the sides: cylinder_e_: E,,,,,,,100,,29,,,100,37,,54,,,65,55,,,67,,,,100,,51,,,40,,,,,50,
"Longest: equidistant_side: 3 around the sides, palm on flat: cube_h_: W",47,,,,,,,,,,,,,10,64,49,75,50,49,100,,41,,,63,100,37,39,,,26,0,0,58,85,0,100
Longest: equidistant_top: 3 around the sides: cylinder_e_: W,,55,,74,60,,,49,,,,,,,,,,,,100,50,,,57,83,,,,,58,,50,60,54,,,85
Longest: equidistant_top: 3 down the sides: cylinder_h_: W,,88,,,71,,,79,,100,,100,,,59,70,,,,67,,100,,,,,,,,,75,,,,,,100
Shortest: 3fingerpinch_top: opposite sides: cone_h_: E,,,,,,,0,,,,,0,,20,,8,,,,,0,,,,8,19,100,,,,,,100,,,,
Longest: equidistant_top: 3 down the sides: cylinder_h_: E,,,,58,,,70,,,,,,,10,,,,89,64,,70,,70,61,,74,,,70,,,60,70,,90,48,
Longest: equidistant_top: 3 down the sides: cylinder_h_: H,100,,100,,,91,,,20,,96,,100,,,,80,,,,,,,,100,,48,100,,59,,,,48,,,
"Longest: equidistant_side: 2 pinch the sides, 1 on the top: cone_h_: W",83,,,,,,,,,,,,,,69,,,,,,,,40,46,,,69,,,,,65,,,,,70
Shortest: 3fingerpinch_side: end to end: cone_e_: W,,,1,,,,0,,0,,25,,,70,,,,,23,,0,,30,,10,,,,10,,0,,,0,,4,5
"Longest: equidistant_side: 2 pinch the sides, 1 on the top: cylinder_h_: W",,37,,,,49,60,,,52,,71,51,,,,69,,51,94,70,45,,,61,,,,,60,39,,57,52,,66,
"Longest: equidistant_side: 2 pinch the sides, 1 on the top: cone_h_: E",,48,,,,95,100,,,32,,100,,,,,77,,50,92,100,39,,,100,75,,,,74,71,,40,58,,27,
"Longest: equidistant_side: 2 pinch the sides, 1 on the top: cylinder_h_: H",74,,,,,,,,,,,,,,85,,,,,,,,35,42,,,65,,,,,55,,,,,80
"Longest: equidistant_side: 3 around the sides, palm on flat: cone_e_: E",37,,49,,,,,,29,,,,,15,62,47,93,75,57,100,,100,,,100,100,52,61,,,40,0,0,77,90,0,96
"Longest: equidistant_side: 2 pinch the sides, 1 on the top: cylinder_h_: E",,,100,49,100,,,57,,,61,,,15,,69,,100,,,,,,,,,,32,,,,,,,90,,
Longest: hook_side: around the sides: ellipse_h_: H,,62,,,,,100,,30,,,100,,,65,,,,,,,,,,,,,,,,,,,,,,
"Shortest: equidistant_top: 2 around the sides, 1 on the base: cylinder_e_: W",,,,,71,9,,,0,,3,0,,,17,9,67,0,8,31,30,20,30,24,33,25,0,0,50,19,35,15,20,21,0,26,5
"Longest: equidistant_side: 3 around the sides, palm on flat: cube_h_: E",,,,,,,80,,,21,40,,,,,48,85,100,51,93,95,16,,,0,87,0,60,,,37,0,40,53,95,0,70
"Shortest: equidistant_side: 3 around the sides, palm on round: ellipse_h_: H",36,,,37,,,0,22,0,,22,31,,100,22,,,,4,0,20,,,,,,,,40,,26,,40,17,15,29,
"Shortest: equidistant_top: 2 around the sides, 1 on the base: cube_h_: H",,,,,20,14,,,0,,4,0,,,13,28,80,0,17,72,30,9,20,15,28,21,27,1,30,17,20,30,10,15,5,28,5
"Shortest: equidistant_top: 2 around the sides, 1 on the base: cylinder_e_: E",10,,,24,,,,23,,,,,10,100,,12,55,0,30,4,20,0,30,16,54,41,0,2,55,24,20,30,20,10,0,29,85
"Shortest: equidistant_top: 2 around the sides, 1 on the base: cylinder_e_: H",,23,23,,,,0,,,20,,,,,,11,41,0,12,31,25,0,30,28,32,21,25,1,10,,20,19,10,18,15,25,5
"Shortest: equidistant_top: 2 around the sides, 1 on the base: cube_h_: E",,36,26,,,,0,,,0,,,,,,10,46,0,27,7,25,0,25,21,39,40,0,0,45,19,20,25,19,0,0,0,5
"Longest: equidistant_side: 3 around the sides, palm on flat: cylinder_e_: W",,,,,,55,80,,,50,97,,,,,50,61,51,52,92,70,37,50,47,67,100,66,56,,72,75,55,55,62,90,59,80
Shortest: hook_side: around the sides: ellipse_h_: W,,,1,26,0,,0,23,0,10,1,,,95,,,,,,,,,,,,,,,,,,,,,,,
"Longest: equidistant_side: 3 around the sides, palm on round: cone_h_: E",91,,,67,,,100,95,31,,97,100,,15,50,,,,46,93,95,,,,,,,,,,100,,100,100,100,97,
"Longest: equidistant_side: 3 around the sides, palm on round: cone_h_: H",,61,,,,,,,,,,,52,,,87,,73,,,,,,,,75,71,56,,84,,60,,,,,
"Longest: equidistant_side: 3 around the sides, palm on flat: cylinder_e_: E",,,,68,,,,93,,,,100,,,,67,76,100,45,93,100,37,45,51,100,100,54,53,55,64,60,60,56,49,92,61,100
Longest: 2fingerpinch_top: 2 around the sides: cylinder_e_: H,,54,,,,59,,89,,,76,,52,,,71,55,100,54,,,77,60,42,88,,39,,,36,50,,,,,60,100
Longest: 2fingerpinch_top: 2 around the sides: cone_e_: H,,,,,,,,,,,,,,,,70,,100,83,100,,80,,,100,72,,50,70,,,60,40,57,85,,
Longest: 2fingerpinch_top: 2 around the sides: cylinder_e_: E,,,70,,60,,,,,30,,,,,73,,95,,,100,80,,,,,53,,,70,,,,,,100,,
Shortest: equidistant_top: 3 down the sides: cone_h_: W,,,,31,,,0,,,,,,,100,,,,0,13,,0,,50,27,,41,,,40,,,50,100,,0,28,
Shortest: equidistant_top: 3 down the sides: cone_h_: H,,45,,,50,,,24,,0,,,,,21,30,,,,3,,18,,,,,,,,,100,,,,,,5
Longest: 2fingerpinch_top: 2 around the sides: cone_e_: W,,,61,,70,,,,,51,,,,,61,,92,,,100,85,,,,,47,,,70,,,,,,95,,
Longest: 2fingerpinch_top: 2 around the sides: cylinder_e_: W,,,,,,,,,,,,,,,,52,,65,70,100,,92,,,,76,,51,85,,,65,40,59,95,,
Shortest: equidistant_top: 3 down the sides: cone_h_: E,10,,25,,,3,,,0,,5,,,,,,80,,,,,,,,70,,27,0,,,,,,23,,,
"Shortest: equidistant_side: 3 around the sides, palm on flat: cube_h_: H",,,,49,,,,43,,,,43,,,,67,85,15,5,0,20,,,,0,26,100,21,,,100,100,100,17,10,100,7
Shortest: hook_side: around the sides: cylinder_e_: W,,,,15,,3,,,,,,,16,,34,,,,,,,,,,,,,,,,,,,,,,
"Shortest: equidistant_side: 3 around the sides, palm on flat: cube_h_: E",,,,,,,0,,,11,21,,,,,8,76,0,11,0,10,0,,,100,36,100,0,,,0,100,0,5,0,100,5
Shortest: hook_side: around the sides: cylinder_e_: E,,6,,,,,0,,0,,,10,,,22,,,,,,,,,,,,,,,,,,,,,,
Shortest: hook_side: around the sides: cylinder_e_: H,13,52,,,,25,,,,,,,,,,,,,,,,,,,,,,,,,,,,,,,
"Shortest: equidistant_side: 3 around the sides, palm on flat: cube_h_: W",47,100,,,,,,,,,,,,,16,12,67,0,21,0,100,0,,,21,41,24,0,,,10,100,100,12,15,100,6
"Longest: equidistant_top: 2 around the sides, 1 on the base: cylinder_e_: W",,,,,,46,,,31,,34,100,,,57,53,57,60,53,100,50,75,65,54,90,100,67,42,70,52,50,65,50,67,85,45,100
Longest: equidistant_top: 3 down the sides: cone_h_: E,80,,74,,,81,,,60,,55,,,,,,88,,,,,,,,99,,74,42,,,,,,62,,,
"Longest: equidistant_top: 2 around the sides, 1 on the base: cylinder_e_: E",31,,,56,,,,65,,,,,34,25,,52,49,65,56,100,70,36,65,48,98,79,58,27,75,43,35,60,70,57,100,34,
"Longest: equidistant_top: 2 around the sides, 1 on the base: cylinder_e_: H",,76,100,,,,100,,,30,,,,,,51,36,100,44,100,90,100,60,58,100,100,52,38,60,,40,80,40,48,75,43,100
Longest: 2fingerpinch_top: end to end: cylinder_w_: W,65,,,,,,,,31,,,,,,0,,,,,,,,,41,,,,,,,,,,56,,49,90
Shortest: 3fingerpinch_top: opposite sides: cone_h_: H,,,,,,23,0,,,,,,,100,,,,,,,,100,,,23,,100,,100,,,100,,,0,,
Shortest: 3fingerpinch_side: around the sides: ellipse_h_: W,,,,,,2,,3,0,,,0,,,,7,46,,8,0,,0,,,,40,,0,,3,,,0,,,52,5
Longest: 2fingerpinch_top: end to end: cylinder_w_: E,,,94,41,,36,,,,41,24,,,,,69,,,,,,,60,,,,,,,,,,,,,,
Shortest: 3fingerpinch_side: around the sides: ellipse_h_: E,0,0,,,,,0,,,,1,,0,80,,,,0,,,,,25,,,,,,,,0,,,,0,,
Shortest: 3fingerpinch_side: around the sides: ellipse_h_: H,,,45,32,40,,,,,11,,,,,29,,,,,,20,,,41,47,,46,,50,,,30,,17,,,
Longest: 2fingerpinch_top: end to end: cylinder_w_: H,,55,,,,,,,,,,,,,,,,100,51,100,,,,,,,,,,46,60,60,,,,,
Shortest: 3fingerpinch_side: end to end: cylinder_w_: H,,,25,,,,20,,0,,7,,,100,,,,,43,,20,,30,,26,,,,40,,30,,,13,,30,4
Shortest: 3fingerpinch_top: around the sides: cone_e_: W,,,,8,,,,22,0,12,,,,85,,,,0,,,,,,,26,,,,,,100,,,100,,,
Shortest: 3fingerpinch_top: around the sides: cone_e_: H,8,,,,,,0,,,,21,100,,,35,,100,,1,,,,,,,,,,,,,,100,,20,,0
Longest: equidistant_top: 3 down the sides: ellipse_h_: E,,60,,,71,,,65,,50,,100,,,69,53,,,,100,,59,,,,,,,,,65,,,,,,95
Shortest: 3fingerpinch_top: around the sides: cone_e_: E,,,0,,100,,,,,,,,4,,,8,,,,0,0,,,,,19,100,,31,,,100,,,,0,
Shortest: 3fingerpinch_top: opposite sides: cone_h_: W,0,,,24,,,,,,10,5,,,,20,,35,,,,,,,,,,,,30,,,,,,0,,0
"Shortest: equidistant_side: 3 around the sides, palm on round: cylinder_h_: H",,,,,,17,,,,9,,,,,,,65,,,,,0,,,100,,,,,,,,,,,,10
Shortest: 3fingerpinch_side: end to end: cylinder_w_: W,,,,,,,,43,,,,,,,20,0,27,,,,,,,,,30,100,,,,,,100,,,,
Longest: hook_side: around the sides: cube_h_: H,43,,94,,100,,,91,,32,39,92,38,5,,,,,,,,,,,,,,,,,,,,,,,
Longest: hook_side: around the sides: cube_h_: E,,,,64,,95,,,,,,,43,,58,,,,,,,,,,,,,,,,,,,,,,
Longest: 2fingerpinch_side: around the sides: cylinder_h_: E,69,29,,,100,,,,,,,100,,,,69,73,77,67,100,100,100,55,51,88,66,49,57,60,60,45,55,40,48,95,59,70
Longest: hook_side: around the sides: cube_h_: W,54,61,,,,46,,,,,,,,,,,,,,,,,,,,,,,,,,,,,,,
"Longest: equidistant_side: 3 around the sides, palm on flat: cone_e_: H",,,,,,99,100,,,40,94,,,,,89,93,90,59,93,94,,,,100,100,100,100,,97,70,0,0,76,100,0,100
Longest: equidistant_top: 3 down the sides: cone_h_: H,,89,,,100,,,94,,100,,58,,,71,94,,,,54,,100,,,,,,,,,0,,,,,,100
"Longest: equidistant_side: 3 around the sides, palm on flat: cone_e_: W",,,,100,,,,75,,,,64,,,,32,91,50,44,93,70,,35,,66,100,30,43,,,60,0,0,62,95,0,69
Longest: 3fingerpinch_top: opposite sides: cylinder_h_: W,,,,,,34,50,,30,,37,30,,0,,,,,,,,,,,49,,0,,50,,,0,,,5,,
Shortest: hook_side: around the sides: cylinder_h_: H,,,26,44,20,,0,22,0,10,0,,,,,,,,,,,,,,,,,,,,,,,,,,
Shortest: 3fingerpinch_top: opposite sides: cylinder_w_: E,,,,,,,0,,,,3,0,8,90,,,,,,,,,,,100,,100,,50,,,20,,,0,,
Longest: 3fingerpinch_top: opposite sides: cylinder_h_: E,5,,,44,,,,,,,39,,,,57,,57,15,35,,30,,,,,,,,0,,,,,,35,,0
Shortest: hook_side: around the sides: cylinder_h_: W,10,,23,,0,,,21,,11,0,0,26,90,,,,,,,,,,,,,,,,,,,,,,,
Longest: 3fingerpinch_top: opposite sides: cylinder_h_: H,,,,54,,,,55,31,,,,,,,,,,,100,,,0,,,,,,,,0,,0,0,,0,
Shortest: 3fingerpinch_side: end to end: cylinder_w_: E,0,,,25,40,,,,,,,10,,,,,,,,0,,,,23,,,,,,18,,100,,,15,,
Shortest: equidistant_top: 3 around the sides: cone_e_: H,,,,,,,10,,0,,,12,,,9,,,0,14,,,13,,,,20,,6,,,20,,,,,11,
"Longest: equidistant_top: 2 around the sides, 1 on the base: cone_e_: W",,58,68,,,,80,,,59,,,,,,50,75,70,49,100,80,56,,42,94,,91,32,70,68,60,0,60,59,90,46,100
Shortest: equidistant_top: 3 around the sides: cone_e_: E,,14,,41,30,,,24,,,,,,,,,,,,28,30,,,,26,,,,,15,,100,15,25,,,5
"Longest: equidistant_top: 2 around the sides, 1 on the base: cone_e_: H",38,,,54,,,,84,,,,,10,30,,69,81,45,59,100,90,43,,39,100,59,55,37,65,66,44,0,50,77,60,32,95
Shortest: equidistant_top: 3 around the sides: cone_e_: W,17,,2,,,15,,,,0,2,,,90,,11,86,,,,,,40,,,,23,,50,,,,,,0,,
"Longest: equidistant_side: 2 pinch the sides, 1 on the top: cube_h_: H",,100,,,,63,100,,,,,78,51,,,,94,,43,91,98,50,,,71,75,,,,61,41,,,47,,59,
Longest: hook_side: around the sides: cylinder_e_: H,57,79,,,,97,,,,,,,,,,,,,,,,,,,,,,,,,,,,,,,
Longest: hook_side: around the sides: cylinder_e_: E,,100,,,,,100,,100,,,100,,,69,,,,,,,,,,,,,,,,,,,,,,
"Longest: equidistant_side: 2 pinch the sides, 1 on the top: cube_h_: E",97,,,,,,,,,,,,,,57,,,,,,,,45,48,,,34,,,,,45,,,,,100
Longest: hook_side: around the sides: cylinder_e_: W,,,,59,,52,,,,,,,29,,71,,,,,,,,,,,,,,,,,,,,,,
"Longest: equidistant_side: 2 pinch the sides, 1 on the top: cone_h_: H",,,62,100,50,,,88,31,,76,,,10,,88,,100,,,,,,,,,,53,90,,,,,,100,,
Shortest: 2fingerpinch_side: around the sides: ellipse_h_: E,,,,,,3,0,6,0,,1,,,,30,9,79,0,53,6,5,0,30,23,46,40,15,1,25,1,0,15,0,13,0,0,5
"Longest: equidistant_side: 2 pinch the sides, 1 on the top: cube_h_: W",,,52,69,50,,,52,0,,37,,,25,,50,,50,,,,,,,,,,57,,,,,,,90,,
Shortest: hook_side: over the top: cylinder_e_: W,,,,,,,,20,0,,,,,,,,,,,,,,,,,,,,,,,,,,,,
Shortest: 3fingerpinch_side: around the sides: cone_h_: W,,,1,13,0,,,,,10,,,,,29,,,,,,0,,,0,18,,0,,0,,,20,,0,,,
Shortest: 3fingerpinch_top: around the sides: cube_h_: E,,,,29,,,,21,0,30,,,,95,,,,0,,,,20,,,27,,,,,,100,,,100,,,
"Shortest: equidistant_side: 2 pinch the sides, 1 on the top: cube_h_: E",16,,,,,,,,,,,,,,17,,,,,,,,25,23,,,0,,,,,0,,,,,5
Longest: 3fingerpinch_side: around the sides: cylinder_h_: H,,,,,,87,,95,61,,,100,,,,90,84,,50,100,,100,,,,100,,88,,100,,,100,,,95,100
Longest: equidistant_top: 3 around the sides: cube_h_: W,,,,,,,100,,29,,,100,72,,40,,,,44,,,,,,,,,50,,,70,,,,,50,
Shortest: 3fingerpinch_top: around the sides: cube_h_: H,,,67,,,43,,,,,,,100,,,0,,,,87,50,,,,,80,100,,51,,,50,,,,47,
Shortest: hook_side: over the top: cylinder_e_: E,,29,,29,30,,0,,,,,,,95,,,,,,,,,,,,,,,,,,,,,,,
Shortest: 3fingerpinch_side: around the sides: cone_h_: E,,,,,,2,,4,,,,0,,,,9,78,,19,63,,0,,,,19,,0,,1,,,0,,,100,5
Shortest: 3fingerpinch_top: around the sides: cube_h_: W,0,0,,,,,0,,,,23,,,,35,,11,,13,,,,,,,,,,,,,,100,,0,,0
Longest: equidistant_top: 3 around the sides: cube_h_: H,,76,,40,100,,,94,,,,,,,,,,,,100,100,,,100,100,,,,,47,,75,100,55,,,100
Longest: equidistant_top: 3 around the sides: cube_h_: E,89,,70,,,53,,,,31,25,,,0,,33,88,,,,,,70,,,,54,,75,,,,,,100,,
Shortest: 3fingerpinch_side: around the sides: cone_h_: H,10,16,,,,,10,,,,2,,11,100,,,,0,,,,,30,,,,,,,,27,,,,15,,
Longest: 2fingerpinch_top: end to end: cube_h_: W,,73,,,,,,,,,,90,,,,,,70,66,100,,,,,,,,,,35,55,65,,,95,,
Shortest: 2fingerpinch_top: end to end: cylinder_w_: H,,12,,,,,,,,,,,,,,,,0,13,29,,,,,,,,,,20,0,25,,,,,
Longest: 2fingerpinch_top: end to end: cube_h_: E,56,,,,,,,,30,,,,,,0,,,,,,,,,46,,,,,,,,,,54,,58,100
Longest: 2fingerpinch_top: end to end: cube_h_: H,,,,,100,,100,91,,,,,100,50,,,97,,,,100,4,,,100,,36,100,75,,,,100,,,,
Longest: 2fingerpinch_top: 2 around the sides: cone_e_: E,39,,,91,,,100,,61,,,91,,5,,,,,,,50,,,,,,70,35,,58,54,0,70,74,,71,100
"Shortest: equidistant_side: 3 around the sides, palm on flat: cylinder_e_: W",,,,,,2,0,,,9,2,,,,,26,52,0,22,1,20,20,30,29,22,40,0,0,60,20,0,10,0,15,5,0,10
Shortest: 2fingerpinch_top: 2 around the sides: ellipse_h_: W,8,,,45,,,0,,0,,,37,,80,,,,,,,5,,25,25,,,6,30,,61,30,30,20,16,,0,5
Longest: 2fingerpinch_top: end to end: cylinder_h_: W,,,61,50,,43,,,,50,57,,,,,68,,,,,,,65,,,,,,,,,,,,,,
Shortest: 2fingerpinch_side: end to end: cube_h_: W,,,,11,,,0,4,,,,,,,20,7,66,0,9,1,0,0,45,5,10,,0,1,20,20,14,19,0,0,0,0,5
Longest: equidistant_top: 3 down the sides: ellipse_h_: W,58,,,,,79,,,40,,78,,55,,,,86,,,,,,,,100,,88,40,,66,,,,62,,,
Longest: 2fingerpinch_side: around the sides: cylinder_h_: W,,,,,,48,60,,30,,59,,,,57,53,53,65,69,100,55,50,55,47,51,72,37,45,60,58,45,65,40,58,90,59,80
"Shortest: equidistant_side: 3 around the sides, palm on flat: cylinder_e_: E",,,,28,,,,6,,,,19,,,,6,77,0,4,0,0,0,25,29,9,40,0,0,20,20,0,5,0,0,0,0,6
Shortest: 2fingerpinch_side: around the sides: ellipse_h_: W,,,1,30,,,,,,0,,,31,90,,11,62,0,31,19,5,0,30,24,49,40,0,2,35,21,0,10,50,11,5,3,5
Longest: equidistant_top: 3 down the sides: ellipse_h_: H,,,,60,,,100,,,,,,,20,,,,100,60,,100,,90,100,,100,,,85,,,100,50,,88,91,
Shortest: 2fingerpinch_top: 2 around the sides: ellipse_h_: E,,5,,,,6,,47,,,3,,7,,,8,99,10,15,,,4,30,27,34,,48,,,10,30,,,,,49,5
Longest: 2fingerpinch_top: end to end: cylinder_h_: H,100,,,,,,,,31,,,,,,0,,,,,,,,,100,,,,,,,,,,65,,80,100
Shortest: 2fingerpinch_top: 2 around the sides: ellipse_h_: H,,,26,,25,,,,,9,,,,,26,,95,,,9,2,,,,,40,,,30,,,,,,5,,
Longest: 2fingerpinch_top: end to end: cylinder_h_: E,,,,,60,,100,91,,,,,67,30,,,81,,,,70,67,,,99,72,33,47,75,,,,60,,,,
"Shortest: equidistant_top: 2 around the sides, 1 on the base: cube_h_: W",11,,,23,,,,23,,,,,27,100,,9,75,0,10,3,20,0,25,24,18,40,4,1,40,21,41,30,15,8,0,29,90
"Shortest: equidistant_side: 3 around the sides, palm on flat: cylinder_e_: H",37,27,23,,30,,,,0,,,,29,95,21,27,88,0,8,0,30,13,30,37,23,40,43,12,30,40,30,20,20,36,30,41,10
"Longest: equidistant_top: 2 around the sides, 1 on the base: cone_e_: E",,,,,51,92,,,21,,40,100,,,66,50,66,,57,100,90,61,,,100,81,100,55,65,40,57,0,80,78,80,69,100
Longest: 3fingerpinch_top: opposite sides: cone_h_: W,4,,,36,,,,,,25,37,,,,51,,63,,,,,,,,,,,,50,,,,,,20,,0
Longest: 3fingerpinch_top: opposite sides: cone_h_: H,,,,,,37,100,,,,,,,0,,,,,,,,,,,35,,0,,0,,,0,,,0,,
Longest: 3fingerpinch_top: opposite sides: cone_h_: E,,,,,,,100,,,,,30,,95,,3,,,,,35,,,,19,62,0,,,,,,0,,,,
Shortest: 2fingerpinch_side: end to end: cylinder_w_: W,,0,,,0,2,,,,0,8,20,,,,7,35,0,17,0,0,63,25,39,14,20,23,1,25,20,10,10,10,3,0,0,5
Shortest: 2fingerpinch_side: around the sides: ellipse_h_: H,27,19,,,30,,,,,,,34,,,,25,77,0,7,1,15,20,35,25,41,40,47,5,35,40,20,30,20,22,10,22,40
"Shortest: equidistant_side: 3 around the sides, palm on round: ellipse_h_: W",,21,,,,,,,,,,,11,,,6,,0,,,,,,,,,0,0,,19,,15,,,,,
Shortest: 2fingerpinch_side: end to end: cylinder_w_: E,,,,17,,,0,7,,,,,,,25,11,72,0,1,1,2,0,25,4,18,39,0,1,15,9,0,15,0,10,0,0,5
Shortest: 2fingerpinch_side: end to end: cube_h_: E,,,1,,,,,,0,,,,2,80,,7,75,0,29,5,0,0,25,0,17,71,8,1,20,12,0,10,0,9,0,0,10
"Shortest: equidistant_side: 3 around the sides, palm on round: ellipse_h_: E",,,0,,0,3,,,,9,,,,,,,97,,,,,2,25,0,7,,,,,,,,,,,,5
Shortest: 2fingerpinch_side: end to end: cylinder_w_: H,,,21,,,,,,,,,,2,100,,26,12,0,4,3,20,25,30,,21,20,22,11,35,33,30,15,20,18,15,19,5
Longest: 3fingerpinch_side: around the sides: ellipse_h_: W,,,,,,61,,59,51,,,80,,,,52,53,,45,100,,75,,,,72,,43,,60,,,60,,,66,85
Longest: 3fingerpinch_top: around the sides: cube_h_: W,33,29,,,,,90,,,,41,,,,54,,15,,32,,,,,,,,,,,,,,0,,55,,0
Shortest: equidistant_top: 3 down the sides: ellipse_h_: W,10,,70,,,5,,,100,,4,,44,,,,80,,,,,,,,79,,7,0,,21,,,,7,,,
Longest: hook_side: around the sides: ellipse_h_: W,,,62,52,51,,60,52,30,31,56,,,25,,,,,,,,,,,,,,,,,,,,,,,
Shortest: equidistant_top: 3 down the sides: ellipse_h_: H,,,,27,,,10,,,,,,,80,,,,0,18,,30,,40,27,,40,,,35,,,20,15,,18,28,
Longest: 3fingerpinch_top: around the sides: cube_h_: E,,,,71,,,,55,61,50,,,,10,,,,14,,,,30,,,96,,,,,,0,,,0,,,
Longest: 3fingerpinch_side: around the sides: ellipse_h_: E,80,59,,,,,100,,,,93,,46,20,,,,100,,,,,40,,,,,,,,55,,,,100,,
Longest: 3fingerpinch_top: around the sides: cube_h_: H,,,98,,,90,,,,,,,,,,0,,,,53,100,,,,,,0,,90,,,80,,,,100,
Longest: 3fingerpinch_side: around the sides: ellipse_h_: H,,,100,93,100,,,,,92,,,,,73,,,,,,100,,,59,100,,94,,90,,,73,,100,,,
Shortest: equidistant_top: 3 down the sides: ellipse_h_: E,,14,,,10,,,23,,0,,0,,,14,9,,,,0,,0,,,,,,,,,40,,,,,,10
"Longest: equidistant_top: 2 around the sides, 1 on the base: cube_h_: W",62,,,55,,,,57,,,,,77,0,,53,69,55,54,100,95,92,65,69,71,80,68,45,65,59,61,55,60,41,97,69,
Longest: hook_side: over the top: ellipse_h_: H,,45,,70,100,,100,,,,,,,10,,,,,,,,,,,,,,,,,,,,,,,
Shortest: hook_side: around the sides: ellipse_h_: H,,26,,,,,0,,0,,,9,,,27,,,,,,,,,,,,,,,,,,,,,,
Longest: hook_side: over the top: ellipse_h_: E,100,,100,,,,,,,,,100,,,,,,,,,,,,,,,,,,,,,,,,,
Shortest: 3fingerpinch_side: around the sides: cylinder_h_: W,3,0,,,,,0,,,,1,,4,75,,,,0,,,,,30,,,,,,,,0,,,,0,,
Shortest: 3fingerpinch_side: around the sides: cylinder_h_: H,,,,,,33,,27,0,,,36,,,,28,93,,9,1,,0,,,,33,,33,,20,,,15,,,22,10
Longest: hook_side: over the top: ellipse_h_: W,,,,,,52,,,,49,59,,,,62,,,,,,,,,,,,,,,,,,,,,,
"Longest: equidistant_top: 2 around the sides, 1 on the base: cube_h_: H",,,,,100,81,,,20,,32,100,,,36,71,71,100,56,100,100,100,65,100,100,89,52,100,75,40,100,85,90,57,100,68,100
Shortest: 3fingerpinch_side: around the sides: cylinder_h_: E,,,0,0,0,,,,,7,,,,,16,,,,,,0,,,18,24,,0,,31,,,15,,8,,,
Longest: hook_side: around the sides: cone_h_: W,,44,,,,,60,,50,,,90,,,70,,,,,,,,,,,,,,,,,,,,,,
"Longest: equidistant_side: 3 around the sides, palm on round: cone_h_: W",,,70,,60,57,,,,50,,,,,,,60,,,,,75,45,52,66,,,,,,,,,,,,90
Shortest: 3fingerpinch_top: opposite sides: ellipse_h_: H,,,,29,100,,,,,,20,,,,60,,0,,,,,,,,,,,,50,,,,,,,,0
Longest: 2fingerpinch_side: around the sides: cylinder_h_: H,,,49,77,,,,,,30,,,100,30,,48,93,100,59,83,100,52,45,46,75,58,,44,65,55,40,80,37,58,100,69,95
Longest: hook_side: around the sides: cone_h_: E,,,100,56,100,,100,98,40,30,38,,,15,,,,,,,,,,,,,,,,,,,,,,,
Shortest: 3fingerpinch_top: opposite sides: ellipse_h_: W,,,,,,,0,,,,,90,,100,,0,,,,,70,,,,100,,100,,,,,,100,,,,
Longest: 3fingerpinch_top: opposite sides: cylinder_w_: E,,,,,,,100,,,,29,30,37,0,,,,,,,,,,,0,,0,,50,,,40,,,25,,
Longest: hook_side: around the sides: cone_h_: H,,,,70,,94,,,,,,,43,,80,,,,,,,,,,,,,,,,,,,,,,
Shortest: 2fingerpinch_top: end to end: cone_h_: E,,0,,,,,,,,,,29,,,,,,1,29,3,,,,,,,,,,,40,100,,,10,,
Longest: 3fingerpinch_side: end to end: cube_h_: W,58,,,50,50,,,,,,,71,,,,,,,,100,,,,40,,,,,,41,,58,,,85,,
Longest: 3fingerpinch_side: end to end: cube_h_: E,,,87,,,,100,,100,,19,,,15,,,,,51,,100,,40,,93,,,,40,,60,,,42,,55,100
Longest: 3fingerpinch_side: end to end: cube_h_: H,,,,,,,,40,,,,,,,55,0,0,,,,,,,,,47,0,,,,,,0,,,,
Shortest: hook_side: around the sides: cone_h_: E,,,24,27,25,,0,21,0,12,4,,,95,,,,,,,,,,,,,,,,,,,,,,,
Shortest: 2fingerpinch_top: 2 around the sides: cylinder_e_: W,,,,,,,,,,,,,,,,31,,0,3,2,,0,,,86,25,,42,30,,,20,10,16,0,,
Shortest: hook_side: around the sides: cone_h_: H,,,,23,,25,,,,,,,13,,16,,,,,,,,,,,,,,,,,,,,,,
Shortest: 2fingerpinch_top: end to end: cylinder_h_: E,,,,,20,,15,25,,,,,13,60,,,74,,,,30,5,,,34,40,22,1,40,,,,19,,,,
Shortest: 2fingerpinch_top: 2 around the sides: cylinder_e_: E,,,0,,20,,,,,11,,,,,32,,86,,,6,10,,,,,30,,,30,,,,,,0,,
Shortest: hook_side: around the sides: cone_h_: W,,0,,,,,0,,0,,,0,,,29,,,,,,,,,,,,,,,,,,,,,,
Shortest: 2fingerpinch_top: 2 around the sides: cylinder_e_: H,,19,,,,43,,24,,,21,,15,,,31,61,0,10,,,14,25,25,11,,25,,,21,5,,,,,29,5
"Longest: equidistant_side: 3 around the sides, palm on flat: cylinder_e_: H",57,57,74,,60,,,,30,,,,56,5,78,88,96,100,41,100,95,41,50,51,100,100,83,58,75,83,69,60,60,93,100,58,96
Shortest: hook_side: around the sides: ellipse_h_: E,12,,0,,0,,,22,,41,0,0,,90,,,,,,,,,,,,,,,,,,,,,,,
Longest: 2fingerpinch_side: end to end: cone_e_: H,,,,69,,,80,74,,,,,,,55,86,85,70,73,100,95,86,50,,99,73,56,50,65,60,60,42,50,81,95,49,97
Longest: hook_side: over the top: cube_h_: H,,,,,,94,,,,30,37,,,,44,,,,,,,,,,,,,,,,,,,,,,
"Longest: equidistant_side: 3 around the sides, palm on round: cylinder_h_: H",,,,,,38,,,,30,,,,,,,63,,,,,42,,,0,,,,,,,,,,,,80
Shortest: equidistant_top: 3 around the sides: cube_h_: H,,20,,26,20,,,24,,,,,,,,,,,,1,0,,,15,28,,,,,18,,19,5,17,,,5
"Longest: equidistant_side: 3 around the sides, palm on round: cylinder_h_: E",,,,,,,,,,,,,,,,68,,100,,,,,,,,75,0,100,,60,,0,,,,,
Longest: hook_side: over the top: cube_h_: E,,,,,,,,95,100,,,,43,,,,,,,,,,,,,,,,,,,,,,,,
Shortest: equidistant_top: 3 around the sides: cube_h_: W,,,,,,,0,,0,,,0,22,,8,,,94,11,,,71,,,,75,,1,,,30,,,,,5,
"Longest: equidistant_side: 3 around the sides, palm on round: cylinder_h_: W",35,,,45,,,100,55,31,,42,,,15,38,,,,38,92,70,,,,,,,,,,35,,51,53,93,0,
Longest: hook_side: over the top: cube_h_: W,49,,59,,,,,,,,,90,,,,,,,,,,,,,,,,,,,,,,,,,
Longest: 2fingerpinch_side: end to end: cone_e_: E,,56,,,100,93,,,,100,89,100,,,,87,99,100,100,100,100,100,50,,93,100,56,100,75,73,100,40,70,82,100,78,100
Shortest: 3fingerpinch_top: around the sides: cylinder_e_: E,,,,,,,0,,,,21,,,,31,,7,,59,,,,,,,,,,,,,,100,,0,,0
Shortest: 3fingerpinch_top: around the sides: cylinder_e_: H,,,,33,,,,23,0,,,,,100,,,,,,,,100,,,24,,,,,,100,,,100,,,
Shortest: 3fingerpinch_side: end to end: cone_e_: E,,,,,,,,22,,10,,,7,,20,0,5,,,,,0,,,,21,100,,,,,,100,,,,
Shortest: 3fingerpinch_top: around the sides: cylinder_e_: W,,,0,,,1,,,,,,,,,,0,,,,11,,,,,,28,100,,30,,,100,,,,0,
Shortest: 3fingerpinch_side: end to end: cone_e_: H,17,,,24,20,,,,,,,10,,,,,,,,0,,,,24,,,,,,,,30,,,10,,
Shortest: 2fingerpinch_top: 2 around the sides: cone_e_: E,11,,,46,,,1,,0,,,23,,95,,,,,,,10,,,,,,47,20,,20,35,100,20,21,,28,5
Longest: 3fingerpinch_top: around the sides: cone_e_: H,12,,,,,,100,,,,54,0,,,91,,0,,45,,,,,,,,,,,,,,0,,39,,0
"Shortest: equidistant_side: 3 around the sides, palm on round: cylinder_h_: W",31,,,28,,,0,19,0,,22,,,95,6,,,,6,1,2,,,,,,,,,,10,,20,0,5,100,
Longest: 3fingerpinch_top: around the sides: cone_e_: E,,,0,,,,,,,,,,30,,,7,,,,100,30,,,,,57,0,,50,,,0,,,,49,
Shortest: 2fingerpinch_top: 2 around the sides: cone_e_: H,,,,,,,,,,,,,,,,26,,20,4,6,,34,,,29,39,,36,45,,,20,15,17,15,,
Shortest: 2fingerpinch_top: 2 around the sides: cone_e_: W,,,0,,30,,,,,11,,,,,20,,87,,,8,10,,,,,,,,40,,,,,,5,,
"Shortest: equidistant_side: 3 around the sides, palm on round: cylinder_h_: E",,100,,,,,,,,,,,,,,7,,0,,,,,,,,40,100,0,,20,,100,,,,,
Longest: 3fingerpinch_top: around the sides: cone_e_: W,,,,71,,,,47,40,30,,,,0,,,,15,,,,,,,56,,,,,,0,,,0,,,
"Longest: equidistant_top: 2 around the sides, 1 on the base: cube_h_: E",,78,68,,,,80,,,31,,,,,,51,42,100,61,100,80,48,65,68,81,82,56,51,70,57,50,61,60,58,100,49,90
Longest: 3fingerpinch_top: opposite sides: ellipse_h_: W,,,,,,,100,,,,,,,15,,0,,,,,100,,,,0,,0,,,,,,0,,,,
Longest: 3fingerpinch_top: opposite sides: ellipse_h_: H,,,,40,0,,,,,,38,,,,,,100,,,,,,,,,,,,70,,,,,,0,,0
Longest: 2fingerpinch_side: end to end: cone_e_: W,,,66,,,,,,51,,,,78,0,,51,70,70,90,100,75,73,45,,77,73,67,58,65,60,70,35,60,78,95,50,80
Longest: 3fingerpinch_top: opposite sides: ellipse_h_: E,,,0,,,34,,39,,,,,,,60,0,5,,62,100,,,,,,71,,,,,0,0,,0,,,0
"Shortest: equidistant_side: 2 pinch the sides, 1 on the top: cube_h_: H",,22,,,,18,0,,,44,,15,13,,,,93,,12,0,23,25,,,28,25,,,,20,20,,40,21,,33,
"Shortest: equidistant_side: 2 pinch the sides, 1 on the top: cube_h_: W",,,1,10,0,,,4,0,,2,,,70,,7,,0,,,,,,,,,,0,55,,,,,,10,,
Shortest: hook_side: around the sides: cylinder_h_: E,5,34,,,,20,,,,,,,,,,,,,,,,,,,,,,,,,,,,,,,
Shortest: 3fingerpinch_top: opposite sides: ellipse_h_: E,,,0,,,2,,23,,,,,,,30,0,6,,51,27,,,,,,25,,,,,100,100,,100,,,0
Longest: 2fingerpinch_side: around the sides: ellipse_h_: E,,,,,,89,65,94,30,,72,,,,61,71,73,100,,51,100,51,60,49,81,72,45,58,70,59,96,61,40,68,90,73,100
Shortest: 2fingerpinch_top: end to end: cube_h_: W,,0,,,,,,,,,,19,,,,,,0,49,0,,,,,,,,,,18,20,30,,,5,,
Longest: 2fingerpinch_side: around the sides: ellipse_h_: H,93,46,,,55,,,,,,,88,,,,93,86,100,56,100,100,100,60,48,100,100,70,53,75,75,55,70,60,100,100,76,75
Shortest: 2fingerpinch_top: end to end: cube_h_: E,9,,,,,,,,0,,,,,,0,,,,,,,,,25,,,,,,,,,,4,,23,5
Longest: 2fingerpinch_side: around the sides: ellipse_h_: W,,,57,80,,,,,,50,,,54,0,,71,69,55,70,100,75,49,60,49,71,100,68,38,60,61,60,70,,71,85,60,70
Shortest: 2fingerpinch_top: end to end: cube_h_: H,,,,,20,,5,21,,,,,4,50,,,89,,,,10,20,,,20,62,25,3,30,,,,2,,,,
