V1,V2,V3,V4,V5,V6,V7,V8,V9,V10,SC0_0,SC0_1,SC0_2,workerId,assignmentId,Oregon Picture,Intro Instructions,Example Explanation1,Example Beginning,Example Explanation2,Example Finished,Pre Video Instructio,Barrett Hand Video,Video Summary,Simulated Video,Q88,Q90,Sanity Check_1,Sanity Check_2,Sanity Check_3,Sanity Check_4,Sanity Check_5,Sanity Check_6,Fully Correct Sanity,Incorrect Sanity,FB Wrong Sanity,Rotate Wrong Sanity,UD Wrong Sanity,LR Wrong Sanity,FP Wrong Sanity,Close Wrong Sanity,Top Equi Down I(2),Top Equi Down I(3),Top Equi Down I(4),Top Equi Down H_3(2),Top Equi Down H_4(2),Top Equi Down H_3(3),Top Equi Down H_4(3),Top Equi Down H_3(4),Top Equi Down H_4(4),Top Equi Down W_3(2),Top Equi Down W_4(2),Top Equi Down W_3(3),Top Equi Down W_4(3),Top Equi Down W_3(4),Top Equi Down W_4(4),Top Equi Down E_3(2),Top Equi Down E_4(2),Top Equi Down E_3(3),Top Equi Down E_4(3),Top Equi Down E_3(4),Top Equi Down E_4(4),Top Equi Around I(2),Top Equi Around I(3),Top Equi Around I(4),Top Equi Around H_3(2),Top Equi Around H_4(2),Top Equi Around H_3(3),Top Equi Around H_4(3),Top Equi Around H_3(4),Top Equi Around H_4(4),Top Equi Around W_3(2),Top Equi Around W_4(2),Top Equi Around W_3(3),Top Equi Around W_4(3),Top Equi Around W_3(4),Top Equi Around W_4(4),Top Equi Around E_3(2),Top Equi Around E_4(2),Top Equi Around E_3(3),Top Equi Around E_4(3),Top Equi Around E_3(4),Top Equi Around E_4(4),Top Equi 2 I(2),Top Equi 2 I(3),Top Equi 2 I(4),Top Equi 2 H_3(2),Top Equi 2 H_4(2),Top Equi 2 H_3(3),Top Equi 2 H_4(3),Top Equi 2 H_3(4),Top Equi 2 H_4(4),Top Equi 2 W_3(2),Top Equi 2 W_4(2),Top Equi 2 W_3(3),Top Equi 2 W_4(3),Top Equi 2 W_3(4),Top Equi 2 W_4(4),Top Equi 2 E_3(2),Top Equi 2 E_4(2),Top Equi 2 E_3(3),Top Equi 2 E_4(3),Top Equi 2 E_3(4),Top Equi 2 E_4(4),Side Equi Down I(2),Side Equi Down I(3),Side Equi Down I(4),Side Equi Down H_3(2),Side Equi Down H_4(2),Side Equi Down H_3(3),Side Equi Down H_4(3),Side Equi Down H_3(4),Side Equi Down H_4(4),Side Equi Down W_3(2),Side Equi Down W_4(2),Side Equi Down W_3(3),Side Equi Down W_4(3),Side Equi Down W_3(4),Side Equi Down W_4(4),Side Equi Down E_3(2),Side Equi Down E_4(2),Side Equi Down E_3(3),Side Equi Down E_4(3),Side Equi Down E_3(4),Side Equi Down E_4(4),Side Equi Around I(2),Side Equi Around I(3),Side Equi Around I(4),Side Equi Around H_3(2),Side Equi Around H_4(2),Side Equi Around H_3(3),Side Equi Around H_4(3),Side Equi Around H_3(4),Side Equi Around H_4(4),Side Equi Around W_3(2),Side Equi Around W_4(2),Side Equi Around W_3(3),Side Equi Around W_4(3),Side Equi Around W_3(4),Side Equi Around W_4(4),Side Equi Around E_3(2),Side Equi Around E_4(2),Side Equi Around E_3(3),Side Equi Around E_4(3),Side Equi Around E_3(4),Side Equi Around E_4(4),Side Equi 2 I(2),Side Equi 2 I(3),Side Equi 2 I(4),Side Equi 2 H_3(2),Side Equi 2 H_4(2),Side Equi 2 H_3(3),Side Equi 2 H_4(3),Side Equi 2 H_3(4),Side Equi 2 H_4(4),Side Equi 2 W_3(2),Side Equi 2 W_4(2),Side Equi 2 W_3(3),Side Equi 2 W_4(3),Side Equi 2 W_3(4),Side Equi 2 W_4(4),Side Equi 2 E_3(2),Side Equi 2 E_4(2),Side Equi 2 E_3(3),Side Equi 2 E_4(3),Side Equi 2 E_3(4),Side Equi 2 E_4(4),Top 3Pinch Oppo I(2),Top 3Pinch Oppo I(3),Top 3Pinch Oppo I(4),Top 3Pinch Oppo I(5),Top 3Pinch Oppo I(6),Top 3Pinch Oppo H_3(2),Top 3Pinch Oppo H_4(2),Top 3Pinch Oppo H_3(3),Top 3Pinch Oppo H_4(3),Top 3Pinch Oppo H_3(4),Top 3Pinch Oppo H_4(4),Top 3Pinch Oppo H_3(5),Top 3Pinch Oppo H_4(5),Top 3Pinch Oppo H_3(6),Top 3Pinch Oppo H_4(6),Top 3Pinch Oppo W_3(2),Top 3Pinch Oppo W_4(2),Top 3Pinch Oppo W_3(3),Top 3Pinch Oppo W_4(3),Top 3Pinch Oppo W_3(4),Top 3Pinch Oppo W_4(4),Top 3Pinch Oppo W_3(5),Top 3Pinch Oppo W_4(5),Top 3Pinch Oppo W_3(6),Top 3Pinch Oppo W_4(6),Top 3Pinch Oppo E_3(2),Top 3Pinch Oppo E_4(2),Top 3Pinch Oppo E_3(3),Top 3Pinch Oppo E_4(3),Top 3Pinch Oppo E_3(4),Top 3Pinch Oppo E_4(4),Top 3Pinch Oppo E_3(5),Top 3Pinch Oppo E_4(5),Top 3Pinch Oppo E_3(6),Top 3Pinch Oppo E_4(6),Top 3Pinch Around I(5),Top 3Pinch Around I(6),Top 3Pinch Around I(7),Top 3Pinch Around H_3(5),Top 3Pinch Around H_4(5),Top 3Pinch Around H_3(6),Top 3Pinch Around H_4(6),Top 3Pinch Around H_3(7),Top 3Pinch Around H_4(7),Top 3Pinch Around W_3(5),Top 3Pinch Around W_4(5),Top 3Pinch Around W_3(6),Top 3Pinch Around W_4(6),Top 3Pinch Around W_3(7),Top 3Pinch Around W_4(7),Top 3Pinch Around E_3(5),Top 3Pinch Around E_4(5),Top 3Pinch Around E_3(6),Top 3Pinch Around E_4(6),Top 3Pinch Around E_3(7),Top 3Pinch Around E_4(7),Side 3Pinch Around I(2),Side 3Pinch Around I(3),Side 3Pinch Around I(4),Side 3Pinch Around H_3(2),Side 3Pinch Around H_4(2),Side 3Pinch Around H_3(3),Side 3Pinch Around H_4(3),Side 3Pinch Around H_3(4),Side 3Pinch Around H_4(4),Side 3Pinch Around W_3(2),Side 3Pinch Around W_4(2),Side 3Pinch Around W_3(3),Side 3Pinch Around W_4(3),Side 3Pinch Around W_3(4),Side 3Pinch Around W_4(4),Side 3Pinch Around E_3(2),Side 3Pinch Around E_4(2),Side 3Pinch Around E_3(3),Side 3Pinch Around E_4(3),Side 3Pinch Around E_3(4),Side 3Pinch Around E_4(4),Side 3Pinch End I(2),Side 3Pinch End I(3),Side 3Pinch End I(4),Side 3Pinch End H_3(2),Side 3Pinch End H_4(2),Side 3Pinch End H_3(3),Side 3Pinch End H_4(3),Side 3Pinch End H_3(4),Side 3Pinch End H_4(4),Side 3Pinch End W_3(2),Side 3Pinch End W_4(2),Side 3Pinch End W_3(3),Side 3Pinch End W_4(3),Side 3Pinch End W_3(4),Side 3Pinch End W_4(4),Side 3Pinch End E_3(2),Side 3Pinch End E_4(2),Side 3Pinch End E_3(3),Side 3Pinch End E_4(3),Side 3Pinch End E_3(4),Side 3Pinch End E_4(4),Side Hook Over I(5),Side Hook Over I(6),Side Hook Over I(7),Side Hook Over I(8),Side Hook Over H_3(5),Side Hook Over H_4(5),Side Hook Over H_3(6),Side Hook Over H_4(6),Side Hook Over H_3(7),Side Hook Over H_4(7),Side Hook Over H_3(8),Side Hook Over H_4(8),Side Hook Over W_3(5),Side Hook Over W_4(5),Side Hook Over W_3(6),Side Hook Over W_4(6),Side Hook Over W_3(7),Side Hook Over W_4(7),Side Hook Over W_3(8),Side Hook Over W_4(8),Side Hook Over E_3(5),Side Hook Over E_4(5),Side Hook Over E_3(6),Side Hook Over E_4(6),Side Hook Over E_3(7),Side Hook Over E_4(7),Side Hook Over E_3(8),Side Hook Over E_4(8),Side Hook Around I(6),Side Hook Around I(7),Side Hook Around I(8),Side Hook Around I(9),Side Hook Around I(10),Side Hook Around H_3(6),Side Hook Around H_4(6),Side Hook Around H_3(7),Side Hook Around H_4(7),Side Hook Around H_3(8),Side Hook Around H_4(8),Side Hook Around H_3(9),Side Hook Around H_4(9),Side Hook Around H_3(10),Side Hook Around H_4(10),Side Hook Around W_3(6),Side Hook Around W_4(6),Side Hook Around W_3(7),Side Hook Around W_4(7),Side Hook Around W_3(8),Side Hook Around W_4(8),Side Hook Around W_3(9),Side Hook Around W_4(9),Side Hook Around W_3(10),Side Hook Around W_4(10),Side Hook Around E_3(6),Side Hook Around E_4(6),Side Hook Around E_3(7),Side Hook Around E_4(7),Side Hook Around E_3(8),Side Hook Around E_4(8),Side Hook Around E_3(9),Side Hook Around E_4(9),Side Hook Around E_3(10),Side Hook Around E_4(10),Top 2Pinch Around I(5),Top 2Pinch Around I(6),Top 2Pinch Around I(7),Top 2Pinch Around I(8),Top 2Pinch Around H_3(5),Top 2Pinch Around H_4(5),Top 2Pinch Around H_3(6),Top 2Pinch Around H_4(6),Top 2Pinch Around H_3(7),Top 2Pinch Around H_4(7),Top 2Pinch Around H_3(8),Top 2Pinch Around H_4(8),Top 2Pinch Around W_3(5),Top 2Pinch Around W_4(5),Top 2Pinch Around W_3(6),Top 2Pinch Around W_4(6),Top 2Pinch Around W_3(7),Top 2Pinch Around W_4(7),Top 2Pinch Around W_3(8),Top 2Pinch Around W_4(8),Top 2Pinch Around E_3(5),Top 2Pinch Around E_4(5),Top 2Pinch Around E_3(6),Top 2Pinch Around E_4(6),Top 2Pinch Around E_3(7),Top 2Pinch Around E_4(7),Top 2Pinch Around E_3(8),Top 2Pinch Around E_4(8),Top 2Pinch End I(5),Top 2Pinch End I(6),Top 2Pinch End I(7),Top 2Pinch End I(8),Top 2Pinch End H_3(5),Top 2Pinch End H_4(5),Top 2Pinch End H_3(6),Top 2Pinch End H_4(6),Top 2Pinch End H_3(7),Top 2Pinch End H_4(7),Top 2Pinch End H_3(8),Top 2Pinch End H_4(8),Top 2Pinch End W_3(5),Top 2Pinch End W_4(5),Top 2Pinch End W_3(6),Top 2Pinch End W_4(6),Top 2Pinch End W_3(7),Top 2Pinch End W_4(7),Top 2Pinch End W_3(8),Top 2Pinch End W_4(8),Top 2Pinch End E_3(5),Top 2Pinch End E_4(5),Top 2Pinch End E_3(6),Top 2Pinch End E_4(6),Top 2Pinch End E_3(7),Top 2Pinch End E_4(7),Top 2Pinch End E_3(8),Top 2Pinch End E_4(8),Side 2Pinch Around I(2),Side 2Pinch Around I(3),Side 2Pinch Around I(4),Side 2Pinch Around H_3(2),Side 2Pinch Around H_4(2),Side 2Pinch Around H_3(3),Side 2Pinch Around H_4(3),Side 2Pinch Around H_3(4),Side 2Pinch Around H_4(4),Side 2Pinch Around W_3(2),Side 2Pinch Around W_4(2),Side 2Pinch Around W_3(3),Side 2Pinch Around W_4(3),Side 2Pinch Around W_3(4),Side 2Pinch Around W_4(4),Side 2Pinch Around E_3(2),Side 2Pinch Around E_4(2),Side 2Pinch Around E_3(3),Side 2Pinch Around E_4(3),Side 2Pinch Around E_3(4),Side 2Pinch Around E_4(4),Side 2Pinch End I(2),Side 2Pinch End I(3),Side 2Pinch End I(4),Side 2Pinch End H_3(2),Side 2Pinch End H_4(2),Side 2Pinch End H_3(3),Side 2Pinch End H_4(3),Side 2Pinch End H_3(4),Side 2Pinch End H_4(4),Side 2Pinch End W_3(2),Side 2Pinch End W_4(2),Side 2Pinch End W_3(3),Side 2Pinch End W_4(3),Side 2Pinch End W_3(4),Side 2Pinch End W_4(4),Side 2Pinch End E_3(2),Side 2Pinch End E_4(2),Side 2Pinch End E_3(3),Side 2Pinch End E_4(3),Side 2Pinch End E_3(4),Side 2Pinch End E_4(4),Comment Question,LocationLatitude,LocationLongitude,LocationAccuracy,
ResponseID,ResponseSet,Name,ExternalDataReference,EmailAddress,IPAddress,Status,StartDate,EndDate,Finished,Score-sum,Score-weightedAvg,Score-weightedStdDev,workerId,assignmentId,OSU Logo,Instructions: We are conducting a research study on grasping.  The survey asks questions about ho...,We are developing simple rules that show a robot how to pick up an object. We are asking you (the...,Examplequestion,It is your job to adjust both sliders to mark the corresponding object that is the smallest that...,Examplequestioncomplete,We have a set of rules you must follow when imagining if an object can be picked up.  Please watc...,,"As shown in the video above, assume you can move the robot hand in, move it up and down (or side...",,"Due to the capabilities of the robot and what is made of, the robot's ability to pick up objects...",,"As a quick check, select the types of motions the robot hand is allowed to do before picking up t...-","As a quick check, select the types of motions the robot hand is allowed to do before picking up t...-","As a quick check, select the types of motions the robot hand is allowed to do before picking up t...-","As a quick check, select the types of motions the robot hand is allowed to do before picking up t...-","As a quick check, select the types of motions the robot hand is allowed to do before picking up t...-Change Finger Spread","As a quick check, select the types of motions the robot hand is allowed to do before picking up t...-Close Fingers (All together or separately)",You are completely correct!,Here is what you got wrong:,You ARE able to shift the hand forward and backward.,You ARE NOT able to rotate the hand in any direction.,You ARE able to shift the hand up and down.,You ARE able to shift the hand left and right.,You ARE NOT able to change the finger positions.,You ARE able to close the fingers.,Let's begin! As a reminder: It is your job to adjust both sliders to mark the corresponding objec... (2),Let's begin! As a reminder: It is your job to adjust both sliders to mark the corresponding objec... (3),Let's begin! As a reminder: It is your job to adjust both sliders to mark the corresponding objec... (4),  (2)-Smallest Graspable Object,  (2)-Largest Graspable Object,  (3)-Smallest Graspable Object,  (3)-Largest Graspable Object,  (4)-Smallest Graspable Object,  (4)-Largest Graspable Object,  (2)-Smallest Graspable Object,  (2)-Largest Graspable Object,  (3)-Smallest Graspable Object,  (3)-Largest Graspable Object,  (4)-Smallest Graspable Object,  (4)-Largest Graspable Object,  (2)-Smallest Graspable Object,  (2)-Largest Graspable Object,  (3)-Smallest Graspable Object,  (3)-Largest Graspable Object,  (4)-Smallest Graspable Object,  (4)-Largest Graspable Object,It is your job to adjust both sliders to mark the corresponding object that is the smallest that... (2),It is your job to adjust both sliders to mark the corresponding object that is the smallest that... (3),It is your job to adjust both sliders to mark the corresponding object that is the smallest that... (4),  (2)-Smallest Graspable Object,  (2)-Largest Graspable Object,  (3)-Smallest Graspable Object,  (3)-Largest Graspable Object,  (4)-Smallest Graspable Object,  (4)-Largest Graspable Object,  (2)-Smallest Graspable Object,  (2)-Largest Graspable Object,  (3)-Smallest Graspable Object,  (3)-Largest Graspable Object,  (4)-Smallest Graspable Object,  (4)-Largest Graspable Object,  (2)-Smallest Graspable Object,  (2)-Largest Graspable Object,  (3)-Smallest Graspable Object,  (3)-Largest Graspable Object,  (4)-Smallest Graspable Object,  (4)-Largest Graspable Object,It is your job to adjust both sliders to mark the corresponding object that is the smallest that... (2),It is your job to adjust both sliders to mark the corresponding object that is the smallest that... (3),It is your job to adjust both sliders to mark the corresponding object that is the smallest that... (4),  (2)-Smallest Graspable Object,  (2)-Largest Graspable Object,  (3)-Smallest Graspable Object,  (3)-Largest Graspable Object,  (4)-Smallest Graspable Object,  (4)-Largest Graspable Object,  (2)-Smallest Graspable Object,  (2)-Largest Graspable Object,  (3)-Smallest Graspable Object,  (3)-Largest Graspable Object,  (4)-Smallest Graspable Object,  (4)-Largest Graspable Object,  (2)-Smallest Graspable Object,  (2)-Largest Graspable Object,  (3)-Smallest Graspable Object,  (3)-Largest Graspable Object,  (4)-Smallest Graspable Object,  (4)-Largest Graspable Object,It is your job to adjust both sliders to mark the corresponding object that is the smallest that... (2),It is your job to adjust both sliders to mark the corresponding object that is the smallest that... (3),It is your job to adjust both sliders to mark the corresponding object that is the smallest that... (4),  (2)-Smallest Graspable Object,  (2)-Largest Graspable Object,  (3)-Smallest Graspable Object,  (3)-Largest Graspable Object,  (4)-Smallest Graspable Object,  (4)-Largest Graspable Object,  (2)-Smallest Graspable Object,  (2)-Largest Graspable Object,  (3)-Smallest Graspable Object,  (3)-Largest Graspable Object,  (4)-Smallest Graspable Object,  (4)-Largest Graspable Object,  (2)-Smallest Graspable Object,  (2)-Largest Graspable Object,  (3)-Smallest Graspable Object,  (3)-Largest Graspable Object,  (4)-Smallest Graspable Object,  (4)-Largest Graspable Object,It is your job to adjust both sliders to mark the corresponding object that is the smallest that... (2),It is your job to adjust both sliders to mark the corresponding object that is the smallest that... (3),It is your job to adjust both sliders to mark the corresponding object that is the smallest that... (4),  (2)-Smallest Graspable Object,  (2)-Largest Graspable Object,  (3)-Smallest Graspable Object,  (3)-Largest Graspable Object,  (4)-Smallest Graspable Object,  (4)-Largest Graspable Object,  (2)-Smallest Graspable Object,  (2)-Largest Graspable Object,  (3)-Smallest Graspable Object,  (3)-Largest Graspable Object,  (4)-Smallest Graspable Object,  (4)-Largest Graspable Object,  (2)-Smallest Graspable Object,  (2)-Largest Graspable Object,  (3)-Smallest Graspable Object,  (3)-Largest Graspable Object,  (4)-Smallest Graspable Object,  (4)-Largest Graspable Object,It is your job to adjust both sliders to mark the corresponding object that is the smallest that... (2),It is your job to adjust both sliders to mark the corresponding object that is the smallest that... (3),It is your job to adjust both sliders to mark the corresponding object that is the smallest that... (4),  (2)-Smallest Graspable Object,  (2)-Largest Graspable Object,  (3)-Smallest Graspable Object,  (3)-Largest Graspable Object,  (4)-Smallest Graspable Object,  (4)-Largest Graspable Object,  (2)-Smallest Graspable Object,  (2)-Largest Graspable Object,  (3)-Smallest Graspable Object,  (3)-Largest Graspable Object,  (4)-Smallest Graspable Object,  (4)-Largest Graspable Object,  (2)-Smallest Graspable Object,  (2)-Largest Graspable Object,  (3)-Smallest Graspable Object,  (3)-Largest Graspable Object,  (4)-Smallest Graspable Object,  (4)-Largest Graspable Object,It is your job to adjust both sliders to mark the corresponding object that is the smallest that... (2),It is your job to adjust both sliders to mark the corresponding object that is the smallest that... (3),It is your job to adjust both sliders to mark the corresponding object that is the smallest that... (4),It is your job to adjust both sliders to mark the corresponding object that is the smallest that... (5),It is your job to adjust both sliders to mark the corresponding object that is the smallest that... (6),  (2)-Smallest Graspable Object,  (2)-Largest Graspable Object,  (3)-Smallest Graspable Object,  (3)-Largest Graspable Object,  (4)-Smallest Graspable Object,  (4)-Largest Graspable Object,  (5)-Smallest Graspable Object,  (5)-Largest Graspable Object,  (6)-Smallest Graspable Object,  (6)-Largest Graspable Object,  (2)-Smallest Graspable Object,  (2)-Largest Graspable Object,  (3)-Smallest Graspable Object,  (3)-Largest Graspable Object,  (4)-Smallest Graspable Object,  (4)-Largest Graspable Object,  (5)-Smallest Graspable Object,  (5)-Largest Graspable Object,  (6)-Smallest Graspable Object,  (6)-Largest Graspable Object,  (2)-Smallest Graspable Object,  (2)-Largest Graspable Object,  (3)-Smallest Graspable Object,  (3)-Largest Graspable Object,  (4)-Smallest Graspable Object,  (4)-Largest Graspable Object,  (5)-Smallest Graspable Object,  (5)-Largest Graspable Object,  (6)-Smallest Graspable Object,  (6)-Largest Graspable Object,It is your job to adjust both sliders to mark the corresponding object that is the smallest that... (5),It is your job to adjust both sliders to mark the corresponding object that is the smallest that... (6),It is your job to adjust both sliders to mark the corresponding object that is the smallest that... (7),  (5)-Smallest Graspable Object,  (5)-Largest Graspable Object,  (6)-Smallest Graspable Object,  (6)-Largest Graspable Object,  (7)-Smallest Graspable Object,  (7)-Largest Graspable Object,  (5)-Smallest Graspable Object,  (5)-Largest Graspable Object,  (6)-Smallest Graspable Object,  (6)-Largest Graspable Object,  (7)-Smallest Graspable Object,  (7)-Largest Graspable Object,  (5)-Smallest Graspable Object,  (5)-Largest Graspable Object,  (6)-Smallest Graspable Object,  (6)-Largest Graspable Object,  (7)-Smallest Graspable Object,  (7)-Largest Graspable Object,It is your job to adjust both sliders to mark the corresponding object that is the smallest that... (2),It is your job to adjust both sliders to mark the corresponding object that is the smallest that... (3),It is your job to adjust both sliders to mark the corresponding object that is the smallest that... (4),  (2)-Smallest Graspable Object,  (2)-Largest Graspable Object,  (3)-Smallest Graspable Object,  (3)-Largest Graspable Object,  (4)-Smallest Graspable Object,  (4)-Largest Graspable Object,  (2)-Smallest Graspable Object,  (2)-Largest Graspable Object,  (3)-Smallest Graspable Object,  (3)-Largest Graspable Object,  (4)-Smallest Graspable Object,  (4)-Largest Graspable Object,  (2)-Smallest Graspable Object,  (2)-Largest Graspable Object,  (3)-Smallest Graspable Object,  (3)-Largest Graspable Object,  (4)-Smallest Graspable Object,  (4)-Largest Graspable Object,It is your job to adjust both sliders to mark the corresponding object that is the smallest that... (2),It is your job to adjust both sliders to mark the corresponding object that is the smallest that... (3),It is your job to adjust both sliders to mark the corresponding object that is the smallest that... (4),  (2)-Smallest Graspable Object,  (2)-Largest Graspable Object,  (3)-Smallest Graspable Object,  (3)-Largest Graspable Object,  (4)-Smallest Graspable Object,  (4)-Largest Graspable Object,  (2)-Smallest Graspable Object,  (2)-Largest Graspable Object,  (3)-Smallest Graspable Object,  (3)-Largest Graspable Object,  (4)-Smallest Graspable Object,  (4)-Largest Graspable Object,  (2)-Smallest Graspable Object,  (2)-Largest Graspable Object,  (3)-Smallest Graspable Object,  (3)-Largest Graspable Object,  (4)-Smallest Graspable Object,  (4)-Largest Graspable Object,It is your job to adjust both sliders to mark the corresponding object that is the smallest that... (5),It is your job to adjust both sliders to mark the corresponding object that is the smallest that... (6),It is your job to adjust both sliders to mark the corresponding object that is the smallest that... (7),It is your job to adjust both sliders to mark the corresponding object that is the smallest that... (8),  (5)-Smallest Graspable Object,  (5)-Largest Graspable Object,  (6)-Smallest Graspable Object,  (6)-Largest Graspable Object,  (7)-Smallest Graspable Object,  (7)-Largest Graspable Object,  (8)-Smallest Graspable Object,  (8)-Largest Graspable Object,  (5)-Smallest Graspable Object,  (5)-Largest Graspable Object,  (6)-Smallest Graspable Object,  (6)-Largest Graspable Object,  (7)-Smallest Graspable Object,  (7)-Largest Graspable Object,  (8)-Smallest Graspable Object,  (8)-Largest Graspable Object,  (5)-Smallest Graspable Object,  (5)-Largest Graspable Object,  (6)-Smallest Graspable Object,  (6)-Largest Graspable Object,  (7)-Smallest Graspable Object,  (7)-Largest Graspable Object,  (8)-Smallest Graspable Object,  (8)-Largest Graspable Object,It is your job to adjust both sliders to mark the corresponding object that is the smallest that... (6),It is your job to adjust both sliders to mark the corresponding object that is the smallest that... (7),It is your job to adjust both sliders to mark the corresponding object that is the smallest that... (8),It is your job to adjust both sliders to mark the corresponding object that is the smallest that... (9),It is your job to adjust both sliders to mark the corresponding object that is the smallest that... (10),  (6)-Smallest Graspable Object,  (6)-Largest Graspable Object,  (7)-Smallest Graspable Object,  (7)-Largest Graspable Object,  (8)-Smallest Graspable Object,  (8)-Largest Graspable Object,  (9)-Smallest Graspable Object,  (9)-Largest Graspable Object,  (10)-Smallest Graspable Object,  (10)-Largest Graspable Object,  (6)-Smallest Graspable Object,  (6)-Largest Graspable Object,  (7)-Smallest Graspable Object,  (7)-Largest Graspable Object,  (8)-Smallest Graspable Object,  (8)-Largest Graspable Object,  (9)-Smallest Graspable Object,  (9)-Largest Graspable Object,  (10)-Smallest Graspable Object,  (10)-Largest Graspable Object,  (6)-Smallest Graspable Object,  (6)-Largest Graspable Object,  (7)-Smallest Graspable Object,  (7)-Largest Graspable Object,  (8)-Smallest Graspable Object,  (8)-Largest Graspable Object,  (9)-Smallest Graspable Object,  (9)-Largest Graspable Object,  (10)-Smallest Graspable Object,  (10)-Largest Graspable Object,It is your job to adjust both sliders to mark the corresponding object that is the smallest that... (5),It is your job to adjust both sliders to mark the corresponding object that is the smallest that... (6),It is your job to adjust both sliders to mark the corresponding object that is the smallest that... (7),It is your job to adjust both sliders to mark the corresponding object that is the smallest that... (8),  (5)-Smallest Graspable Object,  (5)-Largest Graspable Object,  (6)-Smallest Graspable Object,  (6)-Largest Graspable Object,  (7)-Smallest Graspable Object,  (7)-Largest Graspable Object,  (8)-Smallest Graspable Object,  (8)-Largest Graspable Object,  (5)-Smallest Graspable Object,  (5)-Largest Graspable Object,  (6)-Smallest Graspable Object,  (6)-Largest Graspable Object,  (7)-Smallest Graspable Object,  (7)-Largest Graspable Object,  (8)-Smallest Graspable Object,  (8)-Largest Graspable Object,  (5)-Smallest Graspable Object,  (5)-Largest Graspable Object,  (6)-Smallest Graspable Object,  (6)-Largest Graspable Object,  (7)-Smallest Graspable Object,  (7)-Largest Graspable Object,  (8)-Smallest Graspable Object,  (8)-Largest Graspable Object,It is your job to adjust both sliders to mark the corresponding object that is the smallest that... (5),It is your job to adjust both sliders to mark the corresponding object that is the smallest that... (6),It is your job to adjust both sliders to mark the corresponding object that is the smallest that... (7),It is your job to adjust both sliders to mark the corresponding object that is the smallest that... (8),  (5)-Smallest Graspable Object,  (5)-Largest Graspable Object,  (6)-Smallest Graspable Object,  (6)-Largest Graspable Object,  (7)-Smallest Graspable Object,  (7)-Largest Graspable Object,  (8)-Smallest Graspable Object,  (8)-Largest Graspable Object,  (5)-Smallest Graspable Object,  (5)-Largest Graspable Object,  (6)-Smallest Graspable Object,  (6)-Largest Graspable Object,  (7)-Smallest Graspable Object,  (7)-Largest Graspable Object,  (8)-Smallest Graspable Object,  (8)-Largest Graspable Object,  (5)-Smallest Graspable Object,  (5)-Largest Graspable Object,  (6)-Smallest Graspable Object,  (6)-Largest Graspable Object,  (7)-Smallest Graspable Object,  (7)-Largest Graspable Object,  (8)-Smallest Graspable Object,  (8)-Largest Graspable Object,It is your job to adjust both sliders to mark the corresponding object that is the smallest that... (2),It is your job to adjust both sliders to mark the corresponding object that is the smallest that... (3),It is your job to adjust both sliders to mark the corresponding object that is the smallest that... (4),  (2)-Smallest Graspable Object,  (2)-Largest Graspable Object,  (3)-Smallest Graspable Object,  (3)-Largest Graspable Object,  (4)-Smallest Graspable Object,  (4)-Largest Graspable Object,  (2)-Smallest Graspable Object,  (2)-Largest Graspable Object,  (3)-Smallest Graspable Object,  (3)-Largest Graspable Object,  (4)-Smallest Graspable Object,  (4)-Largest Graspable Object,  (2)-Smallest Graspable Object,  (2)-Largest Graspable Object,  (3)-Smallest Graspable Object,  (3)-Largest Graspable Object,  (4)-Smallest Graspable Object,  (4)-Largest Graspable Object,It is your job to adjust both sliders to mark the corresponding object that is the smallest that... (2),It is your job to adjust both sliders to mark the corresponding object that is the smallest that... (3),It is your job to adjust both sliders to mark the corresponding object that is the smallest that... (4),  (2)-Smallest Graspable Object,  (2)-Largest Graspable Object,  (3)-Smallest Graspable Object,  (3)-Largest Graspable Object,  (4)-Smallest Graspable Object,  (4)-Largest Graspable Object,  (2)-Smallest Graspable Object,  (2)-Largest Graspable Object,  (3)-Smallest Graspable Object,  (3)-Largest Graspable Object,  (4)-Smallest Graspable Object,  (4)-Largest Graspable Object,  (2)-Smallest Graspable Object,  (2)-Largest Graspable Object,  (3)-Smallest Graspable Object,  (3)-Largest Graspable Object,  (4)-Smallest Graspable Object,  (4)-Largest Graspable Object,Thank you for your input! When you finish the survey your MTurk response will be automatically re...,LocationLatitude,LocationLongitude,LocationAccuracy,
R_1Fzbd0w2LhTV0iv,Default Response Set,Anonymous,,,,1,2017-08-10 17:37:13,2017-08-10 17:38:51,1,0,0,0,,,1,1,1,1,1,1,1,1,1,1,,,,,,,,,,1,1,,1,1,,1,,,,,,,,,,,,,,,,,,,,,,,,,,,,,,,,,,,,,,,,,,,,,,,,,,,,,,,,,,,,,,,,,,,,,,,,,,,,,,,,,,,,,,,,,,,,,,,,,,,,,,,,,,,,,,,,,,,,,,,,,,,,,,,,,,,,,,,,,,,,,,,,,,,,,,,,,,,,,,,,,,,,,,,,,,,,,,,,,,,,,,,,,,,,,,,,,,,,,,,,,,,,,,,,,,,,,,,,,,,,,,,,,,,,,,,,,,,,,,,,,,,,,,,,,,,,,,,,,,,,,,,,,,,,,,,,,,,,,,,,,,,,,,,,,,,,,,,,,,,,,,,,,,,,,,,,,,,,,,,,,,,,,,,,,,,,,,,,,,,,,,,,,,,,,,,,,,,,,,,,,,,,,,,,,,,,,,,,,,,,,,,,,,,44.564193725586,-123.27899932861,-1,
R_2AMTOhtCFXOcxj5,Default Response Set,Anonymous,,,,1,2017-08-10 17:44:54,2017-08-10 17:47:44,1,0,0,0,,,1,1,1,1,1,1,1,1,1,1,,,,,,,,,,1,1,,1,1,,1,,,,,,,,,,,,,,,,,,,,,,,,,,,,,,,,,,,,,,,,,,,,,,,,,,,,,,,,,,,,,,,,,,,,,,,,,,,,,,,,,,,,,,,,,,,,,,,,,,,,,,,,,,,,,,,,,,,,,,,,,,,,,,,,,,,,,,,,,,,,,,,,,,,,,,,,,,,,,,,,,,,,,,,,,,,,,,,,,,,,,,,,,,,,,,,,,,,,,,,,,,,,,,,,,,,,,,,,,,,,,,,,,,,,,,,,,,,,,,,,,,,,,,,,,,,,,,,,,,,,,,,,,,,,,,,,,,,,,,,,,,,,,,,,,,,,,,,,,,,,,,,,,,,,,,,,,,,,,,,,,,,,,,,,,,,,,,,,,,,,,,,,,,,,,,,,,,,,,,,,,,,,,,,,,,,,,,,,,,,,,,,,,,,44.564193725586,-123.27899932861,-1,
R_1LU8InpD3LFcxqF,Default Response Set,Anonymous,,,,1,2017-08-11 12:25:39,2017-08-11 12:51:32,1,0,0,0,,,1,1,1,1,1,1,1,1,1,1,,,1,,1,1,,1,1,,,,,,,,,,,,,,,0,100,,,,,0,100,,,,,0,82,,,,20,100,,,,,20,100,,,,,28,100,,,,,,,,,,27,100,,,,,0,65,,,,,0,69,,,,,,,,60,100,,,,,12,43,,,,,0,100,,,,,,35,75,,,,,0,100,,,,,0,100,,,,,,,,,,37,100,,,,,0,50,,,,,0,61,,,,,,,,,,0,0,,,,,0,,,,0,100,,,,,0,,,,0,15,,,,,0,30,,,,,,,,21,76,,,,,0,,,,,,0,6,,,,,,,,20,100,,,,,20,61,,,,,0,70,,,,,,22,100,,,,,0,58,,,,,0,77,,,,,,,,,,,,,30,76,,,,,,,13,76,,,,,,,39,100,,,,,,,,,,,,0,100,20,100,,,,,,,0,64,0,66,,,,,,,34,73,0,68,,,,,,,39,100,,,,,,,0,57,,,,,,,0,100,,,,,,,,,,,,,9,100,,,,,,,0,70,,,,,,,16,100,,,,,,,,0,100,,,,,17,76,,,,,0,76,,,,,,,,,,23,100,,,,,0,66,,,,,0,59,,44.564193725586,-123.27899932861,-1,
R_xDCYpseOZ56R8fT,Default Response Set,Anonymous,,,128.193.44.57,0,2017-08-14 13:12:42,2017-08-14 13:29:43,1,0,0,0,A3UN1UMZN94SAZ,3WJ1OXY92B0D7LK338ROOPP8ZPLA8B,1,1,1,1,1,1,1,1,1,1,,,1,,1,1,,1,1,,,,,,,,,,,13,100,,,,,10,58,,,,,10,80,,,,,,,,11,55,,,,,17,76,,,,,10,89,,,,,,,,,,12,38,,,,,11,62,,,,,10,31,,,,,,37,57,,,,,47,47,,,,,21,37,,,,,,,,36,71,,,,,31,35,,,,,0,91,,,,,,,,24,74,,,,,12,83,,,,,16,97,,,,,,,,,,,,,,,,,,,,,,,,,,0,4,,,,,,,,,0,5,,,,,,,,8,12,,,,,0,33,,,,,,,,,,,,,,,,10,25,,,,,3,59,,,,,0,80,,,,,,17,100,,,,,6,58,,,,,0,82,,,,,,,,,15,35,,,,,,,5,49,,,,,,,6,100,,,,,,,,,,13,57,13,43,,,,,,,8,54,10,59,,,,,,,5,21,12,38,,,,,,,,,,,,,,,,,13,100,,,,,,,8,80,,,,,,,11,39,,,,,,,,,,,16,100,,,,,,,9,65,,,,,,,9,56,,,,,,27,93,,,,,8,75,,,,,0,69,,,,,,,,,,,,,,,,,,,,,,,,Cindy practice,44.564193725586,-123.27899932861,-1,
R_1hQlMv6M1zMIQni,Default Response Set,Anonymous,,,,1,2017-08-15 11:48:26,2017-08-15 12:01:47,1,0,0,0,,,1,1,1,1,1,1,1,1,1,1,,,,,,,,,,1,1,,1,1,,1,,1,,,,24,100,,,,,32,100,,,,,8,100,,,,1,,,,40,73,,,,,21,68,,,,,25,80,,,,,1,,,,,28,100,,,,,0,100,,,,,24,61,1,,,32,100,,,,,32,100,,,,,11,71,,,,,,1,,,,54,59,,,,,33,70,,,,,0,67,,,,1,,,,43,100,,,,,0,74,,,,,0,93,,,1,,,,1,,,,,,,,,100,,,,,,,,,,,,0,33,,,,,,,0,36,1,,,100,0,,,,,100,,,,,,0,35,,,,,1,,,33,100,,,,,26,72,,,,,23,94,,,,,,,1,,,,,100,,,,,,,,,,,,0,32,,,1,,,,,,18,100,,,,,,,0,61,,,,,,,46,100,,,,,,1,1,,,,,,,18,100,16,100,,,,,,,0,62,0,64,,,,,,,25,63,0,95,,1,,,,,49,100,,,,,,,0,67,,,,,,,0,95,,,,,,,,1,,,,,,,0,100,,,,,,,0,73,,,,,,,14,100,1,,,16,100,,,,,0,70,,,,,0,100,,,,,,,1,,,,,18,100,,,,,0,73,,,,,18,76,,44.564193725586,-123.27899932861,-1,
R_1OC5Vtjg1OUzL42,Default Response Set,Anonymous,,,128.193.44.57,0,2017-08-15 16:38:42,2017-08-15 16:51:54,1,0,0,0,A3UN1UMZN94SAZ,3NG53N1RLW3KUPQ5SR9LEKE3YBO8PS,1,1,1,1,1,1,1,1,1,1,,,,1,1,1,,1,,1,1,1,,,,,,,1,,,,,45,89,,,,,5,88,,,,,14,60,,,1,,,,,20,76,,,,,11,55,,,,,14,76,1,,,23,76,,,,,17,58,,,,,36,78,,,,,1,,,27,57,,,,,100,,,,,,,,,,,,,,1,,,,,23,61,,,,,21,67,,,,,100,,,,1,,,,,22,100,,,,,0,37,,,,,0,48,1,,1,,,,,,,,,,,,,,,,,,,,,,,22,30,,,,,,,,,,1,,,,,,,,,,0,29,,,,,,,,,,,1,,,,,16,90,,,,,0,73,,,,,0,59,,,1,,,,,,,,,,,,,,,,,,,,,,1,,,,,,,15,45,,,,,,,18,61,,,,,,,29,100,1,,,1,,52,79,,,,,26,62,,,0,61,,,,,0,44,,,34,100,,,,,6,100,,,,,1,,,,,,19,54,,,,,,,27,66,,,,,,,5,60,,,1,,,,12,55,,,,,,,0,73,,,,,,,0,80,,,,,,,,1,,,,19,46,,,,,0,52,,,,,29,29,,,,,1,,,,,11,39,,,,,0,52,,,,,18,56,Cindy part 2,44.564193725586,-123.27899932861,-1,
R_3Gfepb84FtstWFy,Default Response Set,Anonymous,,,137.118.203.130,0,2017-08-15 18:54:42,2017-08-15 19:26:19,1,0,0,0,A14ADQ7RUN6TDY,3VP0C6EFSHGR58A47WKUZ6QNK9VM6V,1,1,1,1,1,1,1,1,1,1,,,1,,1,1,,1,1,,,,,,,,1,,,6,100,,,,,70,,,,,,25,74,,,,,1,,,28,91,,,,,2,30,,,,,0,70,,,,,1,,,23,100,,,,,40,68,,,,,26,68,,,,,1,,,23,74,,,,,,,,,,,26,49,,,,,,1,,,,,,,,,,1,70,,,,,0,100,,,,1,,,,24,62,,,,,1,52,,,,,1,100,,,,1,,1,,,,0,0,,,,,,,,,0,0,,,,,,,,,0,0,,,,,,,,,1,,,,,67,98,,,,,0,0,,,,,0,0,,1,,,,45,100,,,,,1,51,,,,,0,92,,,1,,,25,90,,,,,1,58,,,,,0,87,,,,,,1,,,,,2,100,,,,,,,0,59,,,,,,,0,100,,,,,,1,1,,,,,27,94,26,100,,,,,,,23,62,1,62,,,,,,,0,28,24,100,,,,,1,,,,26,100,,,,,,,0,61,,,,,,,0,70,,,,,,,,,1,,,,,,9,100,,,,,,,1,61,,,,,,,23,94,,,1,,,10,49,,,,,1,57,,,,,0,95,,,,,1,,,21,73,,,,,0,66,,,,,1,100,,,,,,45.704605102539,-123.86180114746,-1,
R_2bZhnQ4UZ5vKXTY,Default Response Set,Anonymous,,,128.193.44.57,0,2017-08-15 16:34:24,2017-08-15 16:38:41,0,0,0,0,,ASSIGNMENT_ID_NOT_AVAILABLE,1,1,1,1,1,1,1,1,1,1,,,1,,1,1,,,,1,,,,,,1,,,,,,,,,,,,,,,,,,,,,,,,,,,,,,,,,,,,,,,,,,,,,,,,,,,,,,,,,,,,,,,,,,,,,,,,,,,,,,,,,,,,,,,,,,,,,,,,,,,,,,,,,,,,,,,,,,,,,,,,,,,,,,,,,,,,,,,,,,,,,,,,,,,,,,,,,,,,,,,,,,,,,,,,,,,,,,,,,,,,,,,,,,,,,,,,,,,,,,,,,,,,,,,,,,,,,,,,,,,,,,,,,,,,,,,,,,,,,,,,,,,,,,,,,,,,,,,,,,,,,,,,,,,,,,,,,,,,,,,,,,,,,,,,,,,,,,,,,,,,,,,,,,,,,,,,,,,,,,,,,,,,,,,,,,,,,,,,,,,,,,,,,,,,,,,,,,,,,,,,,,,,,,,,,,,,,,,,,,,,,,,,,,,,,-1,
R_2TBKbgJY7OPq7qw,Default Response Set,Anonymous,,,24.167.148.208,0,2017-08-15 17:49:17,2017-08-15 17:49:39,0,0,0,0,AFN5VMMGYPF1I,3NPFYT4IZDO4WDYEXGVPMEJALRIGXB,1,1,,,,,,,,,,,,,,,,,,,,,,,,,,,,,,,,,,,,,,,,,,,,,,,,,,,,,,,,,,,,,,,,,,,,,,,,,,,,,,,,,,,,,,,,,,,,,,,,,,,,,,,,,,,,,,,,,,,,,,,,,,,,,,,,,,,,,,,,,,,,,,,,,,,,,,,,,,,,,,,,,,,,,,,,,,,,,,,,,,,,,,,,,,,,,,,,,,,,,,,,,,,,,,,,,,,,,,,,,,,,,,,,,,,,,,,,,,,,,,,,,,,,,,,,,,,,,,,,,,,,,,,,,,,,,,,,,,,,,,,,,,,,,,,,,,,,,,,,,,,,,,,,,,,,,,,,,,,,,,,,,,,,,,,,,,,,,,,,,,,,,,,,,,,,,,,,,,,,,,,,,,,,,,,,,,,,,,,,,,,,,,,,,,,,,,,,,,,,,,,,,,,,,,,,,,,,,-1,
R_UhEonEyeJ5zkN9L,Default Response Set,Anonymous,,,71.227.121.46,0,2017-08-15 21:32:34,2017-08-15 22:04:23,1,0,0,0,A36SM7QM8OK3H6,3M0BCWMB8WGTGWLD7P7PJKE6WCKWBH,1,1,1,1,1,1,1,1,1,1,,,1,,,1,,1,,1,,,1,,,,,1,,,,27,60,,,,,31,70,,,,,33,58,,,,,1,,,,,26,40,,,,,30,74,,,,,41,78,,1,,,,41,54,,,,,23,55,,,,,24,56,,,,1,,,,49,78,,,,,69,100,,,,,28,68,,,1,,,37,52,,,,,28,45,,,,,43,67,,,,,,1,,,,47,100,,,,,10,69,,,,,10,49,,,1,,,1,,40,54,,,,,29,40,,,24,46,,,,,24,36,,,0,74,,,,,24,44,,,1,,,33,64,,,,,8,71,,,,,29,71,,,,,,1,,,,32,93,,,,,13,54,,,,,0,60,,,,1,,,,24,35,,,,,26,50,,,,,25,55,,,,,,1,,,,,,,32,70,,,,,,,31,94,,,,,,,29,58,,,1,,1,,,,,44,77,,,23,70,,,,,26,52,,,15,59,,,,,27,56,,,26,64,,,,1,,,,,,,27,52,,,,,,,45,100,,,,,,,46,91,,,1,,,,,,46,54,,,,,,,28,50,,,,,,,21,41,,,1,,,35,77,,,,,30,80,,,,,31,59,,,,,,1,,,,44,69,,,,,11,44,,,,,17,47,,,,42.219604492188,-83.604598999023,-1,
R_1gNKuDGX63kAFhf,Default Response Set,Anonymous,,,71.195.101.223,0,2017-08-16 01:00:46,2017-08-16 01:35:44,1,0,0,0,ANUXUJE8QRE0C,3VP0C6EFSHGR58A47WKUZ6QNK9VM6V,1,1,1,1,1,1,1,1,1,1,,,1,,1,1,,1,1,,,,,,,,,,1,,,,,50,100,,,,,30,71,,,,,10,71,,,1,,,,,20,100,,,,,30,60,,,,,30,51,,,1,,,,,20,100,,,,,71,,,,,,30,51,1,,,30,60,,,,,,,,,,,,,,,,,,1,,,,,,,,,,0,60,,,,,0,100,,,,1,,,,40,50,,,,,0,50,,,,,0,100,,,,,1,1,,,,,,,,100,0,,,,,,,,,,,,,,,,,,,,,,,,,1,,,,,,,,,,,,,,,,,100,,,1,,,,40,100,,,,,0,51,,,,,0,100,,,,1,,,,20,100,,,,,0,50,,,,,40,100,,,,,,1,,,,,,,25,100,,,,,,,0,91,,,,,,,30,100,,1,1,,,,,20,100,20,70,,,,,,,0,65,0,51,,,,,,,0,60,25,100,,,,,1,,,,25,100,,,,,,,30,70,,,,,,,20,60,,,,,,,,1,,,,,20,100,,,,,,,30,50,,,,,,,20,60,,,,,,1,,,,30,55,,,,,0,70,,,,,0,100,,,,,1,,,,,25,45,,,,,0,50,,,,,25,100,,37.289993286133,-120.48880004883,-1,
R_2TQPqgzPqvGDEv0,Default Response Set,Anonymous,,,68.59.2.40,0,2017-08-16 02:20:05,2017-08-16 02:54:40,1,0,0,0,A27W025UEXS1G0,3EJJQNKU9SPYZD7D8N7FIW9NZAARHP,1,1,1,1,1,1,1,1,1,1,,,1,,1,1,,1,1,,,,,,,,1,,,21,91,,,,,5,79,,,,,3,81,,,,,1,,,21,44,,,,,15,40,,,,,6,53,,,,,,,1,,,,,14,81,,,,,9,46,,,,,24,92,,,1,,,,,60,99,,,,,2,55,,,,,,,,1,,,,17,38,,,,,1,57,,,,,3,95,,,,,1,,,,,18,63,,,,,4,49,,,,,2,95,,1,,,1,,,22,37,,,,,23,37,,,4,40,,,,,6,34,,,2,34,,,,,,,,,1,,,,,43,90,,,,,1,54,,,,,,,1,,,33,87,,,,,2,61,,,,,2,67,,,,,,,1,,,,,,,,,,,,,,,,,,,,,1,,,,,,20,94,,,,,,,5,52,,,,,,,24,91,,,1,,,,1,25,97,,,,,,,25,94,2,46,,,,,,,3,52,20,31,,,,,,,3,95,,,1,,,,,,43,59,,,,,,,20,51,,,,,,,6,62,,,,,1,,,,,,40,96,,,,,,,24,43,,,,,,,20,36,,,,,1,,,,,16,93,,,,,3,48,,,,,3,89,,,1,,,,,21,51,,,,,2,53,,,,,21,93,"The survey was quick and easy. I had a little trouble at first, but quickly learned what to do.",42.42790222168,-83.143600463867,-1,
R_25Kp65q4kSIL9ee,Default Response Set,Anonymous,,,23.117.240.246,0,2017-08-16 01:19:58,2017-08-16 03:32:19,1,0,0,0,A3SOZYQZWJOOYS,3VFJCI1K40JKZHC2OHPXXWXMKAXRGQ,1,1,1,1,1,1,1,1,1,1,,,1,,1,,,,,1,,,,1,,1,,1,,,,10,100,,,,,0,100,,,,,0,70,,,,1,,,,10,79,,,,,0,100,,,,,0,100,,,1,,,0,100,,,,,0,80,,,,,0,80,,,,,,,1,,,,,0,100,,,,,0,80,,,,,0,80,1,,,0,100,,,,,0,100,,,,,0,100,,,,,,,1,,,,,0,100,,,,,0,60,,,,,0,100,,,1,,1,,,,,15,50,,,0,100,,,,,0,100,,,0,50,,,,,0,100,,,0,100,,1,,,,0,100,,,,,0,90,,,,,0,100,,,,,1,,,,,10,100,,,,,0,70,,,,,0,100,1,,,20,100,,,,,0,50,,,,,0,100,,,,,,,,1,,,,,,,15,100,,,,,,,80,,,,,,,,0,100,,,1,1,,,,,,0,80,0,100,,,,,,,0,60,0,60,,,,,,,0,100,0,100,,,,,,1,,,,,,,0,100,,,,,,,0,50,,,,,,,1,100,,1,,,,,5,100,,,,,,,0,100,,,,,,,15,100,,,,,,,1,,,,,40,100,,,,,0,60,,,,,0,65,,1,,,,35,80,,,,,0,60,,,,,0,60,,,,29.188598632812,-96.297302246094,-1,
R_2bKthBv9UaKVmbL,Default Response Set,Anonymous,,,68.59.2.40,0,2017-08-16 04:04:48,2017-08-16 04:16:42,1,0,0,0,A27W025UEXS1G0,3EJJQNKU9SPYZD7D8N7FIW9NZAARHP,1,1,1,1,1,1,1,1,1,1,,,1,,1,1,,1,1,,,,,,,,,,1,,,,,24,94,,,,,24,79,,,,,23,65,,,1,,,,,24,94,,,,,6,49,,,,,24,68,,1,,,,41,84,,,,,23,57,,,,,23,65,,,,1,,,,43,87,,,,,6,75,,,,,6,93,,,1,,,22,67,,,,,19,55,,,,,22,95,,,,,,1,,,,23,88,,,,,4,52,,,,,5,57,,,1,1,,,,41,55,23,38,,,,,,,,,23,55,,,,,,,22,58,23,39,,,,,,,1,,,23,51,,,,,22,47,,,,,21,55,,,,,1,,,27,95,,,,,3,59,,,,,4,92,,,,,,,1,,,,,30,40,,,,,43,62,,,,,22,55,1,,,,20,95,,,,,,,20,61,,,,,,,19,95,,,,,,,,1,1,,,,,24,91,22,58,,,,,,,21,63,23,52,,,,,,,22,43,21,98,,,,,,,1,,,,,,24,89,,,,,,,23,56,,,,,,,47,97,,,,1,,,,,21,91,,,,,,,25,59,,,,,,,25,91,,,,,,,1,,,,,56,98,,,,,56,,,,,,6,94,,1,,,,39,74,,,,,4,43,,,,,7,91,,,,42.42790222168,-83.143600463867,-1,
R_xaweVvrd186cmlz,Default Response Set,Anonymous,,,76.23.240.226,0,2017-08-16 00:44:14,2017-08-16 00:45:30,0,0,0,0,A3GIIL73GE2CBQ,3VP0C6EFSHGR58A47WKUZ6QNK9VM6V,1,1,1,1,1,1,,,,,,,,,,,,,,,,,,,,,,,,,,,,,,,,,,,,,,,,,,,,,,,,,,,,,,,,,,,,,,,,,,,,,,,,,,,,,,,,,,,,,,,,,,,,,,,,,,,,,,,,,,,,,,,,,,,,,,,,,,,,,,,,,,,,,,,,,,,,,,,,,,,,,,,,,,,,,,,,,,,,,,,,,,,,,,,,,,,,,,,,,,,,,,,,,,,,,,,,,,,,,,,,,,,,,,,,,,,,,,,,,,,,,,,,,,,,,,,,,,,,,,,,,,,,,,,,,,,,,,,,,,,,,,,,,,,,,,,,,,,,,,,,,,,,,,,,,,,,,,,,,,,,,,,,,,,,,,,,,,,,,,,,,,,,,,,,,,,,,,,,,,,,,,,,,,,,,,,,,,,,,,,,,,,,,,,,,,,,,,,,,,,,,,,,,,,,,,,,,,,,,,,,,-1,
R_2WDsmn5HeyrcWQP,Default Response Set,Anonymous,,,68.39.28.83,0,2017-08-16 00:49:49,2017-08-16 00:52:15,0,0,0,0,A20BMZQJS92QY2,3M0BCWMB8WGTGWLD7P7PJKE6WCKWBH,1,1,,,,,,,,,,,,,,,,,,,,,,,,,,,,,,,,,,,,,,,,,,,,,,,,,,,,,,,,,,,,,,,,,,,,,,,,,,,,,,,,,,,,,,,,,,,,,,,,,,,,,,,,,,,,,,,,,,,,,,,,,,,,,,,,,,,,,,,,,,,,,,,,,,,,,,,,,,,,,,,,,,,,,,,,,,,,,,,,,,,,,,,,,,,,,,,,,,,,,,,,,,,,,,,,,,,,,,,,,,,,,,,,,,,,,,,,,,,,,,,,,,,,,,,,,,,,,,,,,,,,,,,,,,,,,,,,,,,,,,,,,,,,,,,,,,,,,,,,,,,,,,,,,,,,,,,,,,,,,,,,,,,,,,,,,,,,,,,,,,,,,,,,,,,,,,,,,,,,,,,,,,,,,,,,,,,,,,,,,,,,,,,,,,,,,,,,,,,,,,,,,,,,,,,,,,,,,-1,
R_55RF2k8PxqizYMV,Default Response Set,Anonymous,,,68.39.28.83,0,2017-08-16 03:59:56,2017-08-16 05:01:38,1,0,0,0,A20BMZQJS92QY2,3M0BCWMB8WGTGWLD7P7PJKE6WCKWBH,1,1,1,1,1,1,1,1,1,1,,,1,,,1,,1,,1,,,1,,,,1,,,0,20,,,,,100,40,,,,,0,60,,,,,,1,,,,0,30,,,,,0,29,,,,,0,29,,,,,1,,,,,0,20,,,,,0,31,,,,,0,21,1,,,0,30,,,,,,,,,,,0,29,,,,,1,,,0,30,,,,,0,31,,,,,0,31,,,,,,1,,,,0,31,,,,,0,0,,,,,0,,,,1,,,,1,0,31,,,,,,,,,,,,,,,,,0,30,0,30,,,,,,,,,1,,,0,100,,,,,0,40,,,,,0,61,,,,,1,,,0,61,,,,,0,51,,,,,,,,,,,1,,,0,100,,,,,0,30,,,,,0,100,,,,,1,,,,0,30,,,,,,,0,30,,,,,,,0,100,,,,,,,,,1,1,,,,,,0,50,0,30,,,,,,,0,30,0,50,,,,,,,0,40,0,100,,,,,,1,,,,,,,,,,,,,,,0,30,,,,,,,0,61,,,,1,,,,,,,0,31,,,,,,,0,31,,,,,,,0,30,,,1,,,,,0,100,,,,,0,30,,,,,0,30,1,,,,,,,,,0,51,,,,,0,25,,,,,,41.15690612793,-85.055603027344,-1,
R_2Siy4C11IikLumN,Default Response Set,Anonymous,,,68.39.28.83,0,2017-08-16 05:02:04,2017-08-16 05:26:58,1,0,0,0,A20BMZQJS92QY2,3M0BCWMB8WGTGWLD7P7PJKE6WCKWBH,1,1,1,1,1,1,1,1,1,1,,,1,,1,1,,1,1,,,,,,,,,,1,,,,,0,100,,,,,0,100,,,,,0,50,1,,,19,30,,,,,0,31,,,,,0,31,,,,,1,,,20,30,,,,,30,59,,,,,0,31,,,,,,,1,,,,,9,40,,,,,9,50,,,,,11,21,,1,,,,9,30,,,,,8,50,,,,,9,30,,,,,1,,,,,44,,,,,,12,52,,,,,11,32,1,,,1,,,,,,,,,,,,,,,,,,10,25,,,10,28,,,,,,,,,1,,,,,,,,,12,30,,,,,30,50,,,,,,1,,,,11,92,,,,,10,31,,,,,7,22,,,,,1,,,,,,,,,,,,,,,,,10,23,,,1,,,,,,,30,,,,,,,10,49,,,,,,,30,100,,,,1,1,,,,,9,32,10,50,,,,,,,11,71,10,31,,,,,,,41,,12,30,,,,,1,,,,9,41,,,,,,,11,51,,,,,,,11,30,,,,,,,,,1,,,,,,10,30,,,,,,,10,50,,,,,,,10,41,,,1,,,0,30,,,,,0,50,,,,,0,50,,,,,,,1,,,,,0,31,,,,,0,52,,,,,29,100,,41.15690612793,-85.055603027344,-1,
R_2VJwVBo1Beb1FL4,Default Response Set,Anonymous,,,45.48.226.100,0,2017-08-16 08:00:06,2017-08-16 08:28:05,1,0,0,0,A2RBF3IIJP15IH,3NPFYT4IZDO4WDYEXGVPMEJALRIGXB,1,1,1,1,1,1,1,1,1,1,,,1,,1,1,1,1,,1,,,,,1,,1,,,2,96,,,,,4,78,,,,,5,55,,,,,1,,,21,38,,,,,2,27,,,,,4,25,,,,,,,1,,,,,4,32,,,,,3,34,,,,,23,40,,,1,,,,,61,94,,,,,2,97,,,,,21,40,1,,,22,60,,,,,22,42,,,,,21,97,,,,,,1,,,,42,76,,,,,2,37,,,,,1,61,,,,,,1,1,,,,,,,20,38,,,,,,,,,5,37,24,37,,,,,,,21,39,3,29,,1,,,,21,54,,,,,23,41,,,,,21,40,,,,,1,,,,,2,29,,,,,1,65,,,,,1,93,1,,,7,79,,,,,25,50,,,,,3,19,,,,,,,1,,,,,,2,37,,,,,,,2,59,,,,,,,38,61,,,,1,1,,,,,0,39,0,59,,,,,,,0,59,1,56,,,,,,,0,59,4,38,,,,,,,1,,,,,,21,76,,,,,,,20,44,,,,,,,3,59,,,,,1,,,,,,22,94,,,,,,,20,57,,,,,,,3,24,,,,,1,,,,,,,,,,,43,59,,,,,1,72,,,1,,,,,21,56,,,,,8,34,,,,,22,89,,34.076400756836,-118.26260375977,-1,
R_YRdTPRdzCGuZ7Lr,Default Response Set,Anonymous,,,73.66.114.81,0,2017-08-16 08:40:20,2017-08-16 09:02:09,1,0,0,0,APLBF6JY2C1QZ,3VP0C6EFSHGR58A47WKUZ6QNK9VM6V,1,1,1,1,1,1,1,1,1,1,,,1,,1,1,,1,1,,,,,,,,,,1,,,,,,58,,,,,0,100,,,,,0,100,,1,,,,12,100,,,,,0,100,,,,,0,100,,,,,1,,,,,0,100,,,,,0,100,,,,,5,100,,1,,,,43,71,,,,,16,64,,,,,19,100,,,1,,,31,94,,,,,,,,,,,17,100,,,,,,,1,,,,,15,78,,,,,16,71,,,,,19,100,,,1,,1,,,,,50,50,,,,,,,,,90,,,,30,30,,,,,0,30,,,0,30,,1,,,,100,0,,,,,,,,,,,,,,,1,,,36,100,,,,,0,80,,,,,0,100,,,,,,1,,,,10,100,,,,,0,71,,,,,10,100,,,,1,,,,,10,100,,,,,,,0,90,,,,,,,31,100,,,,,,1,,1,,,,10,92,,,9,100,,,,,0,100,,,0,90,,,,,0,100,,,10,100,,,,,,1,,,,,,,20,91,,,,,,,37,91,,,,,,,23,91,1,,,,,,,,,,,,19,90,,,,,,,29,100,,,,,,,,1,,,,34,88,,,,,16,100,,,,,9,100,,,,,1,,,,,18,100,,,,,20,89,,,,,18,100,"There wasn't always a ""back"" button to push and at the beginning I wanted to go back a few screens and couldn't. Since it was there sometimes maybe this was just a glitch? ",37.670303344727,-121.01689910889,-1,
R_Uut1MiBNMUe84cV,Default Response Set,Anonymous,,,99.111.60.205,0,2017-08-16 08:43:51,2017-08-16 09:29:26,1,0,0,0,A15V8K8M4TXT9Y,3VFJCI1K40JKZHC2OHPXXWXMKAXRGQ,1,1,1,1,1,1,1,1,1,1,,,1,,1,1,,1,1,,,,,,,,1,,,2,100,,,,,44,55,,,,,,,,,,,,1,,,,,,,,,,22,72,,,,,14,37,,,,1,,,,2,10,,,,,27,77,,,,,10,34,,,1,,,29,56,,,,,,,,,,,,,,,,,,,1,,,,,33,52,,,,,11,53,,,,,,,,,1,,,,,13,51,,,,,17,51,,,,,,,1,,,,1,,,,,,,,,,,,,,,,,,,,,4,46,,,,,,,8,37,,,1,,,,,100,,,,,,,,,,,,4,30,,,1,,,,,11,55,,,,,4,58,,,,,0,46,,,1,,,,,,,,,,,,,,,,,7,39,1,,,,5,15,,,,,,,,,,,,,,,6,43,,,,,,,,1,,,1,,,23,38,,,,,13,43,,,26,39,,,,,16,29,,,,,,,,,10,43,,,1,,,,,,15,52,,,,,,,46,54,,,,,,,7,56,,,,1,,,,,4,100,,,,,,,4,16,,,,,,,13,67,,,,,1,,,1,100,,,,,31,54,,,,,,,,,,,1,,,2,75,,,,,1,78,,,,,2,75,,,,,,42.240005493164,-87.871696472168,-1,
R_3fcmwziaFxtlYeD,Default Response Set,Anonymous,,,73.239.183.160,0,2017-08-16 12:48:48,2017-08-16 13:07:28,1,0,0,0,A1N4AZ1QXPOPXH,3M0BCWMB8WGTGWLD7P7PJKE6WCKWBH,1,1,1,1,1,1,1,1,1,1,,,1,,1,1,,1,1,,,,,,,,,1,,,,80,20,,,,,100,20,,,,,75,10,,,1,,,85,0,,,,,90,25,,,,,100,0,,,,,,1,,,,80,30,,,,,100,0,,,,,100,25,,,1,,,95,5,,,,,,10,,,,,90,15,,,,,1,,,100,25,,,,,95,15,,,,,100,15,,,,,,1,,,,100,10,,,,,70,25,,,,,85,15,,,,,1,,1,,,,,100,0,,,100,0,,,,,100,15,,,95,0,,,,,20,95,,,90,0,1,,,100,20,,,,,85,0,,,,,95,10,,,,,,,1,,,,,100,40,,,,,75,10,,,,,80,20,1,,,100,20,,,,,70,10,,,,,70,15,,,,,,,,1,,,,,,,95,10,,,,,,,95,5,,,,,,,95,30,,1,1,,,,,95,5,,0,,,,,,,90,5,95,25,,,,,,,90,5,95,15,,,,,,,,1,,,,,,,60,40,,,,,,,80,10,,,,,,,95,5,,1,,,,,50,50,,,,,,,75,25,,,,,,,60,30,,,,,1,,,95,30,,,,,90,0,,,,,90,5,,,,,1,,,100,15,,,,,85,0,,,,,80,30,,,,,,47.691497802734,-117.38809967041,-1,
R_1OPpz4kDCLA5tVM,Default Response Set,Anonymous,,,98.173.48.134,0,2017-08-16 12:56:46,2017-08-16 13:57:34,1,0,0,0,A1VIP6S8H2XXH7,3NPFYT4IZDO4WDYEXGVPMEJALRIGXB,1,1,1,1,1,1,1,1,1,1,,,1,,1,,,1,,1,,,,1,,,,,1,,,,,21,71,,,,,20,59,,,,,14,69,,1,,,,9,60,,,,,8,40,,,,,11,54,,,,,1,,,,,13,36,,,,,17,57,,,,,24,66,1,,,21,78,,,,,16,64,,,,,18,62,,,,,1,,,22,48,,,,,6,38,,,,,17,50,,,,,1,,,18,85,,,,,25,69,,,,,17,57,,,,,,1,,1,,,,24,50,,,60,,,,,,35,62,,,20,51,,,,,30,60,,,14,57,,,,1,,,,35,91,,,,,35,54,,,,,31,47,,,,1,,,,29,73,,,,,29,53,,,,,16,59,,,,,1,,,,,15,55,,,,,20,60,,,,,20,45,,,1,,,,,,25,44,,,,,,,28,62,,,,,,,28,57,,,,,,1,1,,,,,,,27,65,16,80,,,,,,,29,70,34,71,,,,,,,22,69,21,58,1,,,,26,65,,,,,,,20,61,,,,,,,32,73,,,,,,,,,,1,,,,,,,0,0,,,,,,,0,0,,,,,,,0,0,,,1,,,,,25,85,,,,,20,57,,,,,30,61,,1,,,,26,55,,,,,20,41,,,,,25,31,,,Thank you!,32.755493164062,-117.07009887695,-1,
R_1gqeV6xts1jH3hi,Default Response Set,Anonymous,,,,1,2017-08-25 11:21:06,2017-08-25 11:48:05,1,0,0,0,,,1,1,1,1,1,1,1,1,1,1,,,1,,1,1,,1,1,,,,,,,,1,,,9,100,,,,,9,89,,,,,9,99,,,,,,,1,,,,,7,91,,,,,33,68,,,,,32,93,1,,,10,100,,,,,9,93,,,,,10,50,,,,,,1,,,,100,,,,,,0,48,,,,,0,90,,,,1,,,,100,,,,,,9,70,,,,,0,100,,,1,,,0,90,,,,,0,72,,,,,0,100,,,,,1,,,,1,,,,,,,,,,,,,,,,,,,,,,,,,,,,,,,1,,,,,,,,,,,,,,,,,,,,,,1,,,,50,100,,,,,0,59,,,,,5,86,,,1,,,,94,,,,,10,64,,,,,4,99,,,,,,1,,,,,9,95,,,,,,,1,70,,,,,,,,100,,,,,1,,1,,,,,,,25,100,,,,,1,77,,,11,55,,,,,,100,,,5,97,,,,,,1,,,,,14,100,,,,,,,0,85,,,,,,,5,93,,,,,,,,1,,,,,,,8,100,,,,,,,0,85,,,,,,,0,100,1,,,22,98,,,,,4,58,,,,,6,92,,,,,,1,,,,50,100,,,,,5,59,,,,,5,99,,,,44.564193725586,-123.27899932861,-1,
R_BSoej6a5ZGdM31T,Default Response Set,Anonymous,,,129.255.226.144,0,2017-08-30 15:59:51,2017-08-30 16:12:50,1,0,0,0,A35C12CR628WKD,3JPSL1DZ5TJYAS779AG6SQH9MI7NAZ,1,1,1,1,1,1,1,1,1,1,,,1,,1,1,,1,1,,,,,,,,,,1,,,,,30,94,,,,,8,70,,,,,9,53,1,,,28,72,,,,,11,49,,,,,8,33,,,,,1,1,1,11,51,7,69,28,71,10,50,9,53,9,53,10,51,12,52,29,50,1,1,1,27,88,67,86,70,89,12,49,5,32,26,50,9,47,6,67,8,48,,,1,,,,,46,87,,,,,6,68,,,,,7,68,,1,,,,46,88,,,,,7,50,,,,,7,69,,,,1,1,,,,,0,0,0,0,,,,,,,0,0,0,0,,,,,,,0,0,8,3,,,,,,,1,,,,,0,0,,,,,0,0,,,,,8,7,1,,,28,90,,,,,7,52,,,,,9,88,,,,,,,1,,,,,0,0,,,,,0,0,,,,,0,0,,,,,,,,,,,,,,,,,,,,,,,,,,,,,,,,,,,,,,,,,,,,,,,,,,,,,,,,,,,,,,,,,1,1,,,,26,70,31,71,,,,,31,52,11,50,,,,,9,53,8,51,,,,,1,,,,,,30,92,,,,,,,11,68,,,,,,,8,69,,,1,1,1,25,48,25,93,46,91,11,71,6,68,10,53,14,68,10,69,9,71,1,1,1,26,69,28,86,27,68,5,51,7,55,7,50,7,49,11,50,29,87,,41.664001464844,-91.544700622559,-1,
R_12ljRiMoAtlqfbP,Default Response Set,Anonymous,,,108.2.96.114,0,2017-08-30 16:20:00,2017-08-30 16:35:10,1,0,0,0,A1PTH9KTRO06EG,3RU7GD8VPPD2D95E6PFPHFGA83FPST,1,1,1,1,1,1,1,1,1,1,,,1,,1,1,,1,1,,,,,,,,1,,,74,80,,,,,80,86,,,,,80,88,,,,,1,,,87,84,,,,,86,79,,,,,80,88,,,,,1,1,1,41,36,86,81,80,71,78,75,75,69,67,57,46,42,55,49,74,66,1,1,1,88,96,85,93,90,93,67,75,87,91,52,61,83,93,77,76,76,85,,1,,,,65,63,,,,,62,60,,,,,97,99,,,,,1,,,,,93,94,,,,,60,69,,,,,82,77,,1,,1,,,,100,0,,,0,100,,,,,100,0,,,35,63,,,,,6,5,,,27,57,,,,1,,,,100,0,,,,,11,15,,,,,7,5,,,1,,,93,84,,,,,46,53,,,,,78,85,,,,,,,1,,,,,100,0,,,,,27,37,,,,,5,8,,,,,,,,,,,,,,,,,,,,,,,,,,,,,,,,,,,,,,,,,,,,,,,,,,,,,,,,,,,,,,,,1,,1,,95,99,,,61,55,,,87,92,,,45,51,,,86,95,,,99,96,,,,1,,,,,89,97,,,,,,,92,87,,,,,,,74,81,,,,,1,1,1,97,93,77,86,82,76,62,69,66,76,63,53,71,63,78,73,79,73,1,1,1,12,16,80,85,77,71,75,70,66,63,35,30,75,69,72,82,97,99,"I was a little confused by the bars to be honest, i hope i did these correctly, and this is good data that you can use for your experiment. Thanks!",39.846801757812,-75.711601257324,-1,
R_ZqKZF39hYZsyjyV,Default Response Set,Anonymous,,,174.134.218.130,0,2017-08-30 16:08:43,2017-08-30 16:35:32,1,0,0,0,A1DJNUJZN8FE7N,3C6FJU71TRDC10PJMH6897RAX53UY8,1,1,1,1,1,1,1,1,1,1,,,1,,1,1,,1,1,,,,,,,,,1,,,,0,100,,,,,0,100,,,,,0,89,,,,1,,,,0,68,,,,,94,,,,,,0,65,,,1,1,1,0,100,0,45,0,100,0,70,0,55,0,60,0,100,0,65,60,,1,1,1,0,100,15,100,20,90,0,50,0,50,0,51,15,75,0,100,0,100,,,1,,,,,0,73,,,,,0,50,,,,,0,100,,1,,,,0,100,,,,,0,50,,,,,0,100,,,1,,,1,,,,,,,,,,,,,,,,,,,,,,,,,,,,0,15,,,1,,,,,,,,,0,15,,,,,0,14,,,,,,,1,,,,,0,100,,,,,0,70,,,,,0,100,,,1,,,,,,,,,,,,,,,,,,,,,,,,,,,,,,,,,,,,,,,,,,,,,,,,,,,,,,,,,,,,,,,,,,,,,,,,,,,,,,,,,,,1,1,,,,20,100,0,100,,,,,0,65,0,90,,,,,0,99,10,100,,,1,,,,0,100,,,,,,,0,70,,,,,,,1,100,,,,,,,1,1,1,0,100,0,100,0,100,0,55,0,40,0,65,0,100,0,77,0,100,1,1,1,0,100,0,70,0,100,0,70,0,65,0,60,0,100,0,100,0,100,"So more than halfway through i realized that ""bump the table"" might be different than ""go through the table"" there were some flat objects in a lot of them and if the arm could move up and down,  while getting very close to inside the table it could grasp it... if you need me to redo anything im completely willing. ",35.5498046875,-118.91709899902,-1,
R_6QBA6XbcZryfkit,Default Response Set,Anonymous,,,73.183.83.148,0,2017-08-30 16:27:33,2017-08-30 16:44:00,1,0,0,0,A1BWR5RBQDZQ16,3R6BYFZZP8WYID2JMWP74TJYLCUXF6,1,1,1,1,1,1,1,1,1,1,,,1,,1,,,1,,1,,,,1,,,,1,,,,18,60,,,,,13,57,,,,,27,64,,,,1,,,,14,51,,,,,11,44,,,,,23,55,,,1,1,1,12,44,9,59,17,56,14,49,10,54,8,53,27,61,30,56,6,57,1,1,1,8,41,5,49,20,59,21,49,5,44,22,52,3,57,4,45,11,51,1,,,4,54,,,,,6,38,,,,,7,46,,,,,,,1,,,,,12,43,,,,,11,51,,,,,2,50,,1,,1,,,,18,26,,,,,,,,,,,,,,,,,,,51,62,,,37,35,,,,1,,,,1,45,,,,,13,32,,,,,59,74,,,1,,,9,50,,,,,8,45,,,,,19,51,,,,,1,,,43,78,,,,,23,52,,,,,9,51,,,,,,,,,,,,,,,,,,,,,,,,,,,,,,,,,,,,,,,,,,,,,,,,,,,,,,,,,,,,,,,,,,,,,1,1,,,,4,83,10,54,,,,,3,70,20,65,,,,,21,68,15,60,,,1,,,,13,51,,,,,,,49,66,,,,,,,29,66,,,,,,,1,1,1,5,59,7,56,21,83,31,70,9,44,5,69,6,66,6,67,53,,1,1,1,4,69,38,73,2,86,29,90,9,49,17,82,29,86,1,31,4,100,,40.096801757812,-80.91739654541,-1,
R_3h5E5CPZX8r7wrT,Default Response Set,Anonymous,,,66.41.56.58,0,2017-08-30 16:30:46,2017-08-30 16:51:42,1,0,0,0,A1CA46R2A6TV9W,3DYGAII7PMSQ0TQ1ELQKMF19QFUPQ4,1,1,1,1,1,1,1,1,1,1,,,1,,1,1,1,1,,1,,,,,1,,,,1,,,,,3,54,,,,,7,67,,,,,0,100,,,1,,,,,1,100,,,,,0,100,,,,,28,100,1,1,1,31,100,4,100,72,100,8,100,3,100,31,100,7,100,4,100,31,100,1,1,1,0,100,0,93,0,93,0,100,0,93,1,92,1,100,0,93,0,93,1,,,0,95,,,,,1,92,,,,,1,93,,,,,,,1,,,,,0,91,,,,,0,94,,,,,1,92,1,1,,,,1,100,1,100,,,,,,,1,100,1,79,,,,,,,26,71,27,100,,,,,,,,,1,,,,,87,53,,,,,11,100,,,,,0,100,1,,,1,100,,,,,0,100,,,,,63,100,,,,,,1,,,,0,100,,,,,1,100,,,,,0,100,,,,,,,,,,,,,,,,,,,,,,,,,,,,,,,,,,,,,,,,,,,,,,,,,,,,,,,,,,,,,,,,,,1,1,,,9,50,6,100,,,,,8,100,2,100,,,,,6,100,2,100,,,,,1,,,,29,100,,,,,,,0,100,,,,,,,3,100,,,,,,,1,1,1,0,83,1,100,24,56,19,100,1,100,3,100,31,100,11,100,6,51,1,1,1,3,100,4,100,1,98,9,100,1,100,0,100,5,100,1,100,0,100,,41.373092651367,-89.442497253418,-1,
R_3npCwAzk7X5sMpF,Default Response Set,Anonymous,,,85.247.0.84,0,2017-08-30 16:24:59,2017-08-30 16:56:00,1,0,0,0,A1LRDHZZUVF9AZ,3EA3QWIZ4JFBBNVPIUUVINBKO8YITZ,1,1,1,1,1,1,1,1,1,1,,,1,,1,1,,1,1,,,,,,,,,1,,,,30,100,,,,,0,100,,,,,30,70,,,,,1,,,,,0,100,,,,,0,50,,,,,30,50,1,1,1,25,90,21,90,30,100,20,80,20,95,30,50,25,80,20,70,20,90,1,1,1,30,95,20,95,26,94,100,,20,70,20,70,,,0,100,10,95,1,,,20,100,,,,,2,70,,,,,20,95,,,,,,,1,,,,,23,98,,,,,5,70,,,,,5,100,,,1,1,,,,,,50,100,,,,,,,,,70,100,,,,,,,,,0,35,0,30,,,,,1,,,,,50,100,,,,,,,,,,,0,30,,1,,,,20,100,,,,,0,57,,,,,0,100,,,1,,,20,100,,,,,0,65,,,,,0,100,,,,,,,,,,,,,,,,,,,,,,,,,,,,,,,,,,,,,,,,,,,,,,,,,,,,,,,,,,,,,,,,,,,,1,,,1,2,100,,,,,5,95,10,85,,,,,5,80,10,80,,,,,10,50,,1,,,,,10,100,,,,,,,41,90,,,,,,,30,70,,,,,1,1,1,15,100,15,100,5,100,5,75,15,85,2,55,4,95,5,100,5,100,1,1,1,20,100,5,95,5,100,0,75,0,80,0,71,0,100,2,100,20,100,Fun and interesting hit,32.63330078125,-16.899993896484,-1,
R_2Y4jccRDXN8VTea,Default Response Set,Anonymous,,,98.235.69.98,0,2017-08-30 16:52:12,2017-08-30 17:11:22,1,0,0,0,A1945USNZHTROX,3QILPRALQ6FKR4ESCCWSWZBEWU7N8V,1,1,1,1,1,1,1,1,1,1,,,,,1,1,,1,,1,1,,,,,,,,1,,,,,18,100,,,,,0,100,,,,,0,59,,1,,,,13,82,,,,,71,,,,,,0,67,,,1,1,1,0,100,0,43,9,100,0,56,0,92,20,75,0,48,0,36,21,61,1,1,1,13,41,,,,,0,41,,,20,37,0,100,0,37,0,16,,1,,,,0,42,,,,,0,75,,,,,2,100,,,,,1,,,,,25,50,,,,,0,45,,,,,0,39,1,,,,1,,,,,,,,,100,,,,,,,,,,,,30,,,,,,,,,,1,,,100,0,,,,,,,,,,,20,30,,,,,1,,,0,100,,,,,0,75,,,,,0,100,,,,,,,1,,,,,,,,,,,,,,,,,0,32,,,,,,,,,,,,,,,,,,,,,,,,,,,,,,,,,,,,,,,,,,,,,,,,,,,,,,,,,,,,,,,,,1,1,,,,34,80,14,77,,,,,0,92,83,,,,,,6,80,4,90,,,,1,,,,,20,4,,,,,,,5,79,,,,,,,5,67,,,,,1,1,1,0,52,20,100,12,100,0,49,0,55,0,50,0,54,0,100,0,51,1,1,1,25,71,15,86,0,100,1,73,0,46,63,,0,100,0,100,23,100,,41.280807495117,-75.896202087402,-1,
R_3Hw6MlPIQYkaHSr,Default Response Set,Anonymous,,,99.148.101.81,0,2017-08-30 17:16:58,2017-08-30 17:38:07,1,0,0,0,A1GXFMAC759VRM,3D4CH1LGEBDEVHGGU0PB6BXSFO3G95,1,1,1,1,1,1,1,1,1,1,,,1,,1,1,,1,1,,,,,,,,,1,,,,40,90,,,,,50,75,,,,,25,70,,,1,,,40,60,,,,,40,65,,,,,30,70,,,,,1,1,1,30,60,,,20,65,,,25,65,30,65,25,65,30,65,,,1,1,1,30,50,,,,,,,30,35,30,50,,,25,45,,,,1,,,,,,,,,,30,45,,,,,25,50,,,1,,,30,35,,,,,30,40,,,,,25,45,,,,,1,1,,,,100,0,,,,,,,,,,,,,,,,,,,,,,,,,,,,,,,1,,,,,,,,,,,,,,,,,,,,,1,,,,,30,40,,,,,30,45,,,,,25,40,1,,,30,40,,,,,30,40,,,,,30,40,,,,,,,,,,,,,,,,,,,,,,,,,,,,,,,,,,,,,,,,,,,,,,,,,,,,,,,,,,,,,,,,,,,,,,1,1,,,,,25,60,30,35,,,,,30,40,25,50,,,,,30,55,,,,,1,,,,,,,,,,,,,,25,65,,,,,,,30,60,,,1,1,1,25,45,35,60,50,70,30,60,30,51,40,55,30,50,30,55,30,60,1,1,1,30,45,30,50,25,50,30,45,45,55,25,50,25,55,25,50,30,50,,25.661499023438,-80.412002563477,-1,
R_32RYh0KU7X9cHHp,Default Response Set,Anonymous,,,141.217.98.85,0,2017-08-30 17:50:35,2017-08-30 18:58:53,1,0,0,0,A2DWPP1KKAY0HG,3CPLWGV3MPJK59X2H426WV6PG0PN9K,1,1,1,1,1,1,1,1,1,1,1,1,1,,1,1,,1,1,,,,,,,,,1,,,,27,100,,,,,27,75,,,,,31,61,,,,,1,,,,,15,100,,,,,28,57,,,,,,,1,1,1,28,58,27,39,15,100,30,42,24,69,24,54,21,68,16,48,,,1,1,1,37,51,,,,,,,,,29,47,,,29,51,,,,1,,,,,,,,,,22,52,,,,,0,78,,,1,,,23,42,,,,,23,46,,,,,23,48,,,,,,,1,,1,,,,,,,,,,,,,,,,,,,,,,,,,,,,,,,,,1,,,,,,,,,,,,,,,,,,,,1,,,,41,59,,,,,0,42,,,,,18,32,,,,1,,,,24,40,,,,,26,40,,,,,23,41,,,,,,,,,,,,,,,,,,,,,,,,,,,,,,,,,,,,,,,,,,,,,,,,,,,,,,,,,,,,,,,,,,,,1,1,,,,,25,42,24,45,,,,,28,46,25,50,,,,,27,50,,,,,,1,,,,,,,22,100,,,,,,,25,41,,,,,,,25,46,1,1,1,25,46,25,48,41,63,24,49,48,,25,47,45,56,0,51,23,49,1,1,1,,,55,,48,,47,,5,54,39,,0,79,4,27,38,,Great study! All the best.,42.375503540039,-83.077201843262,-1,
R_25uBFh0ip2vmScX,Default Response Set,Anonymous,,,108.210.12.140,0,2017-08-30 18:32:00,2017-08-30 19:15:10,1,0,0,0,A3GZYWA9S6J0K9,3O6CYIULEEL8CVUJ7GOKOA6UMX3UW9,1,1,1,1,1,1,1,1,1,1,1,1,1,,1,1,,1,1,,,,,,,,1,,,29,100,,,,,79,100,,,,,70,99,,,,,,,1,,,,,28,100,,,,,11,83,,,,,26,95,1,1,1,32,100,36,100,28,100,70,94,18,71,33,90,39,81,54,98,70,100,1,1,1,23,100,0,100,74,100,21,63,29,66,22,67,26,100,9,100,100,0,,1,,,,100,0,,,,,18,66,,,,,7,100,,,,,1,,,,,28,71,,,,,9,61,,,,,14,100,,,1,,1,,,,,43,57,,,23,35,,,,,100,0,,,42,49,,,,,8,19,,,100,0,1,,,24,92,,,,,26,56,,,,,27,96,,,,,,1,,,,47,100,,,,,18,62,,,,,24,97,,,1,,,26,96,,,,,10,55,,,,,12,93,,,,,,,,,,,,,,,,,,,,,,,,,,,,,,,,,,,,,,,,,,,,,,,,,,,,,,,,,,,,,,,,,,,,,1,1,,,,29,100,11,88,,,,,86,,30,85,,,,,30,86,34,97,,,,1,,,,,20,100,,,,,,,52,100,,,,,,,34,99,,,,,1,1,1,30,75,41,100,74,100,49,71,51,78,29,51,58,95,40,88,46,81,1,1,1,21,79,20,99,30,89,43,77,10,62,14,74,17,90,18,93,23,93,,38.610702514648,-90.318702697754,-1,
R_8DtdO6kbpooQ0Qp,Default Response Set,Anonymous,,,98.116.57.112,0,2017-08-30 19:04:26,2017-08-30 19:32:28,1,0,0,0,A21H2UDDHN8ZF,3QEMNNSB2YJ75EIWDDQJMU3P76Z7DA,1,1,1,1,1,1,1,1,1,1,1,1,1,,1,1,,1,1,,,,,,,,,1,,,,40,100,,,,,41,90,,,,,40,74,,,,1,,,,20,41,,,,,75,,,,,,41,100,,,1,1,1,21,100,20,59,21,89,,,40,80,25,100,40,82,41,79,42,81,1,1,1,40,100,26,52,41,100,41,100,40,100,40,100,40,100,40,100,36,87,,,1,,,,,40,75,,,,,,,,,,,40,75,,,1,,,,,25,75,,,,,,,,,,,40,75,,1,1,,,,,22,52,39,58,,,,,,,,,,,,,,,,,25,71,19,62,,,,,,,1,,,,,80,,,,,,28,56,,,,,19,57,1,,,33,100,,,,,40,72,,,,,19,79,,,,,,,1,,,,,20,47,,,,,30,100,,,,,21,76,,,,,,,,,,,,,,,,,,,,,,,,,,,,,,,,,,,,,,,,,,,,,,,,,,,,,,,,,,,,,,,,1,1,,,40,100,39,72,,,,,,47,25,76,,,,,30,53,44,73,,,,,,1,,,,,62,,,,,,,,51,100,,,,,,,40,72,,,,,1,1,1,20,58,40,100,19,38,40,100,40,59,20,72,74,,20,66,40,72,1,1,1,20,71,41,73,20,60,39,73,,,20,,71,,39,89,19,100,,40.761596679688,-73.794898986816,-1,
R_26bSi5aXoATpBD0,Default Response Set,Anonymous,,,71.227.121.46,0,2017-08-30 19:35:37,2017-08-30 19:48:42,1,0,0,0,A36SM7QM8OK3H6,3PB5A5BD0WQAHYSNF3RRSF6MKYFG7T,1,1,1,1,1,1,1,1,1,1,1,1,1,,1,,,1,,1,,,,1,,,1,,,25,48,,,,,7,88,,,,,27,74,,,,,1,,,23,49,,,,,23,63,,,,,0,54,,,,,1,1,1,25,52,25,55,27,52,26,91,4,68,0,67,0,56,0,58,26,100,1,1,1,43,83,100,0,67,100,24,37,4,30,0,66,30,52,0,54,100,0,,,1,,,,,44,71,,,,,0,37,,,,,100,0,1,,,25,65,,,,,0,69,,,,,0,34,,,,,,,1,,1,,,,,100,0,,,100,0,,,,,100,0,,,100,0,,,,,100,0,,,100,0,,,1,,,,,100,0,,,,,100,0,,,,,100,0,,1,,,,46,94,,,,,0,46,,,,,0,52,,,,,1,,,,,100,0,,,,,100,0,,,,,100,0,,,,,,,,,,,,,,,,,,,,,,,,,,,,,,,,,,,,,,,,,,,,,,,,,,,,,,,,,,,,,,,,,,1,1,,,,,25,39,22,31,,,,,100,0,6,68,,,,,48,74,47,70,,1,,,,,25,36,,,,,,,0,100,,,,,,,22,33,,,,,1,1,1,65,,47,70,45,100,0,68,0,59,0,37,8,70,9,49,15,45,1,1,1,22,51,33,56,25,39,0,67,0,33,23,50,8,45,0,47,22,56,,42.219604492188,-83.604598999023,-1,
R_3KYHRYiNEfHbBYu,Default Response Set,Anonymous,,,24.209.83.121,0,2017-08-30 16:00:21,2017-08-30 16:04:14,0,0,0,0,A2FV0CMG9S8CU0,3DYGAII7PMSQ0TQ1ELQKMF19QFUPQ4,1,1,1,1,1,1,1,1,1,1,,,1,,1,1,,1,1,,,,,,,,,,,,,,,,,,,,,,,,,,,,,1,,,0,70,,,,,0,50,,,,,0,30,,,,,,,,,,,,,,,,,,,,,,,,,,,,,,,,,,,,,,,,,,,,,,,,,,,,,,,,,,,,,,,,,,,,,,,,,,,,,,,,,,,,,,,,,,,,,,,,,,,,,,,,,,,,,,,,,,,,,,,,,,,,,,,,,,,,,,,,,,,,,,,,,,,,,,,,,,,,,,,,,,,,,,,,,,,,,,,,,,,,,,,,,,,,,,,,,,,,,,,,,,,,,,,,,,,,,,,,,,,,,,,,,,,,,,,,,,,,,,,,,,,,,,,,,,,,,,,,,,,,,,,,,,,,,,,,,,,,,,,,,,,,,,,,,,,,,,,,,,,,,,,,,,,,,,,,,,,,,,,,,,,,,,,,,,,,,,,,,,,,,,,,,,,,,,,-1,
R_O6vfPiYy9L22s1P,Default Response Set,Anonymous,,,24.167.148.208,0,2017-08-30 16:00:17,2017-08-30 16:05:44,0,0,0,0,A3LJ2FHESYV9QQ,3FQ5JJ512M84M5GTL1TVM4K5RU1KNB,1,1,,,,,,,,,,,,,,,,,,,,,,,,,,,,,,,,,,,,,,,,,,,,,,,,,,,,,,,,,,,,,,,,,,,,,,,,,,,,,,,,,,,,,,,,,,,,,,,,,,,,,,,,,,,,,,,,,,,,,,,,,,,,,,,,,,,,,,,,,,,,,,,,,,,,,,,,,,,,,,,,,,,,,,,,,,,,,,,,,,,,,,,,,,,,,,,,,,,,,,,,,,,,,,,,,,,,,,,,,,,,,,,,,,,,,,,,,,,,,,,,,,,,,,,,,,,,,,,,,,,,,,,,,,,,,,,,,,,,,,,,,,,,,,,,,,,,,,,,,,,,,,,,,,,,,,,,,,,,,,,,,,,,,,,,,,,,,,,,,,,,,,,,,,,,,,,,,,,,,,,,,,,,,,,,,,,,,,,,,,,,,,,,,,,,,,,,,,,,,,,,,,,,,,,,,,,,,-1,
R_1joD298kYxIhjy6,Default Response Set,Anonymous,,,208.58.123.127,0,2017-08-30 15:59:51,2017-08-30 16:07:24,0,0,0,0,A183WYXN12P2TJ,3O6CYIULEEL8CVUJ7GOKOA6UMX3UW9,1,1,1,1,1,1,1,1,1,1,,,,,,,,,,,,,,,,,,,,,,,,,,,,,,,,,,,,,,,,,,,,,,,,,,,,,,,,,,,,,,,,,,,,,,,,,,,,,,,,,,,,,,,,,,,,,,,,,,,,,,,,,,,,,,,,,,,,,,,,,,,,,,,,,,,,,,,,,,,,,,,,,,,,,,,,,,,,,,,,,,,,,,,,,,,,,,,,,,,,,,,,,,,,,,,,,,,,,,,,,,,,,,,,,,,,,,,,,,,,,,,,,,,,,,,,,,,,,,,,,,,,,,,,,,,,,,,,,,,,,,,,,,,,,,,,,,,,,,,,,,,,,,,,,,,,,,,,,,,,,,,,,,,,,,,,,,,,,,,,,,,,,,,,,,,,,,,,,,,,,,,,,,,,,,,,,,,,,,,,,,,,,,,,,,,,,,,,,,,,,,,,,,,,,,,,,,,,,,,,,,,,,-1,
R_1FerWHRp2wmXAYL,Default Response Set,Anonymous,,,98.235.69.98,0,2017-08-30 16:09:11,2017-08-30 16:10:35,0,0,0,0,A1HWB810RJBV2K,3R6BYFZZP8WYID2JMWP74TJYLCUXF6,1,1,1,1,1,1,1,1,1,1,,,,,,1,1,,,,,,,,,,,,,,,,,,,,,,,,,,,,,,,,,,,,,,,,,,,,,,,,,,,,,,,,,,,,,,,,,,,,,,,,,,,,,,,,,,,,,,,,,,,,,,,,,,,,,,,,,,,,,,,,,,,,,,,,,,,,,,,,,,,,,,,,,,,,,,,,,,,,,,,,,,,,,,,,,,,,,,,,,,,,,,,,,,,,,,,,,,,,,,,,,,,,,,,,,,,,,,,,,,,,,,,,,,,,,,,,,,,,,,,,,,,,,,,,,,,,,,,,,,,,,,,,,,,,,,,,,,,,,,,,,,,,,,,,,,,,,,,,,,,,,,,,,,,,,,,,,,,,,,,,,,,,,,,,,,,,,,,,,,,,,,,,,,,,,,,,,,,,,,,,,,,,,,,,,,,,,,,,,,,,,,,,,,,,,,,,,,,,,,,,,,,,,,-1,
R_2zMCtynZ2bvAY6s,Default Response Set,Anonymous,,,99.135.151.76,0,2017-08-30 20:11:28,2017-08-30 20:31:59,1,0,0,0,A2NA2OJT15COZY,33PPO7FECWZ4UYZSW4UGDJTYLMADIB,1,1,1,1,1,1,1,1,1,1,1,1,1,,1,1,,1,1,,,,,,,,1,,,2,100,,,,,0,40,,,,,0,42,,,,,,1,,,,6,33,,,,,1,50,,,,,1,51,,,1,1,1,1,38,4,37,1,100,1,32,1,45,0,42,0,51,2,27,3,55,1,1,1,12,58,21,47,34,100,0,39,0,43,0,56,19,61,0,53,0,60,,,1,,,,,16,56,,,,,0,50,,,,,0,100,,1,,,,10,53,,,,,0,57,,,,,0,32,,,,1,,,1,,,,,,,,,,,,,,,,,,,,,,,,,,,,,,,1,,,,,,,,,,,,,,,,,,,,,1,,,33,88,,,,,0,43,,,,,0,14,,,,,,,1,,,,,,,,,,,,,,,,,,,,,,,,,,,,,,,,,,,,,,,,,,,,,,,,,,,,,,,,,,,,,,,,,,,,,,,,,,,,,,,,,,,1,,1,,,36,50,,,16,100,,,42,51,,,30,52,,,1,100,,,20,35,,1,,,,,3,100,,,,,,,0,47,,,,,,,1,47,,,,,1,1,1,15,44,5,53,15,51,2,38,2,52,1,45,2,34,0,57,1,58,1,1,1,11,35,13,50,5,58,0,58,1,43,1,40,1,100,1,36,9,100,,41.973403930664,-88.206497192383,-1,
R_1eFZNGaDSfIopqo,Default Response Set,Anonymous,,,24.167.148.208,0,2017-08-30 21:58:45,2017-08-30 22:21:36,1,0,0,0,A3LJ2FHESYV9QQ,3FQ5JJ512M84M5GTL1TVM4K5RU1KNB,1,1,1,1,1,1,1,1,1,1,1,1,1,,1,1,,1,1,,,,,,,,,1,,,,35,85,,,,,40,90,,,,,30,70,,,1,,,30,65,,,,,50,95,,,,,35,75,,,,,1,1,1,10,60,30,65,30,75,40,70,40,65,50,70,45,70,55,75,30,65,1,1,1,30,75,,,,,,,,,60,,,,20,55,,,1,,,40,70,,,,,,,,,,,85,,,,,,,1,,,,50,90,,,,,55,,,,,,70,,,,,,,1,1,,,,,,,50,70,100,0,,,,,,,30,50,30,50,,,,,,,100,0,50,50,,,1,,,,,51,90,,,,,30,30,,,,,31,50,,1,,,,50,90,,,,,0,50,,,,,31,70,,,1,,,40,79,,,,,10,55,,,,,10,40,,,,,,,,,,,,,,,,,,,,,,,,,,,,,,,,,,,,,,,,,,,,,,,,,,,,,,,,,,,,,,,,,,,,1,1,,,30,75,45,70,,,,,40,70,30,85,,,,,30,70,30,60,,,,,,1,,,,,30,75,,,,,,,40,65,,,,,,,40,75,,,,,1,1,1,30,65,35,75,45,65,35,60,15,75,25,60,25,85,10,60,25,70,1,1,1,35,60,40,65,30,65,40,65,20,55,25,55,20,60,15,65,40,75,,36.071395874023,-79.76789855957,-1,
R_9uTaQA3SRkVD5BL,Default Response Set,Anonymous,,,96.246.98.25,0,2017-08-30 23:12:47,2017-08-30 23:34:01,1,0,0,0,A3GPTSDDHJ2DBV,3FE2ERCCZYSNFHDLZ8YGXA69BECPOW,1,1,1,1,1,1,1,1,1,1,1,1,,,1,,,1,,1,1,,,1,,,1,,,19,59,,,,,21,66,,,,,,,,,,,,,1,,,,,18,47,,,,,7,58,,,,,15,78,1,1,1,,,40,66,17,40,37,68,21,59,19,52,19,57,24,43,21,40,1,1,1,40,83,,,71,97,,,,,20,72,,,20,64,,,,,1,,,,,39,84,,,,,19,67,,,,,20,60,,,1,,,,,20,61,,,,,13,60,,,,,20,74,1,,1,,,,,,,,,,,,,,,,,,,,,,,,,,,,,,,,,1,,,,,,,,,,,,,,,,,,,,,1,,,20,100,,,,,3,60,,,,,1,66,,,,,,1,,,,,,,,,,21,41,,,,,18,100,,,,,,,,,,,,,,,,,,,,,,,,,,,,,,,,,,,,,,,,,,,,,,,,,,,,,,,,,,,,,,,,,,,,1,1,,,,,21,36,40,,,,,,20,37,61,,,,,,10,66,20,58,1,,,,20,46,,,,,,,18,35,,,,,,,,,,,,,,,1,1,1,20,55,40,75,20,65,21,61,25,76,17,58,20,61,5,60,1,59,1,1,1,33,56,40,60,21,63,20,60,20,56,20,57,12,60,9,24,19,73,,40.623397827148,-74.028800964355,-1,
R_3qVeQZAv9YDx17L,Default Response Set,Anonymous,,,70.95.73.233,0,2017-08-30 22:28:06,2017-08-30 23:44:34,1,0,0,0,A3LRZX8477TYYZ,3I02618YA1QISMXIVUAPWGYYT00PU9,1,1,1,1,1,1,1,1,1,1,1,1,1,,1,1,,1,1,,,,,,,,,,1,,,,,100,0,,,,,35,75,,,,,40,65,,1,,,,20,50,,,,,30,70,,,,,30,40,,,1,1,1,20,40,20,44,20,100,40,60,41,61,35,50,20,50,20,35,40,57,1,1,1,30,69,100,0,35,70,10,26,0,60,0,75,10,40,0,60,0,37,1,,,26,53,,,,,10,35,,,,,16,100,,,,,,,1,,,,,20,41,,,,,20,39,,,,,0,71,1,1,,,,100,0,100,0,,,,,,,100,0,100,0,,,,,,,100,0,100,0,,,,,,,1,,,100,0,,,,,100,0,,,,,100,0,,,,,,,1,,,,,27,50,,,,,0,45,,,,,0,55,1,,,30,90,,,,,0,45,,,,,0,60,,,,,,,,,,,,,,,,,,,,,,,,,,,,,,,,,,,,,,,,,,,,,,,,,,,,,,,,,,,,,,,,,,,,,,1,1,,,,,5,50,15,45,,,,,20,55,30,70,,,,,30,60,35,54,1,,,,0,60,,,,,,,20,55,,,,,,,40,90,,,,,,,1,1,1,20,40,20,55,40,61,0,60,10,100,0,45,0,70,0,45,0,96,1,1,1,30,70,30,60,20,50,0,70,14,40,10,40,0,55,0,50,9,100,Thank you!,32.957000732422,-117.19789886475,-1,
R_bmdOLTVB0NZIB7X,Default Response Set,Anonymous,,,68.38.213.204,0,2017-08-30 23:12:33,2017-08-30 23:51:34,1,0,0,0,A11NPNK8885N99,39ASUFLU6YR6CZ2NRL51MBYY9BFXEO,1,1,1,1,1,1,1,1,1,1,1,1,1,,1,1,,1,1,,,,,,,,,1,,,,20,100,,,,,50,100,,,,,10,60,,,,,1,,,,,19,75,,,,,30,50,,,,,100,0,1,1,1,19,80,100,0,30,85,100,0,30,55,15,65,25,61,30,60,100,0,1,1,1,20,60,100,0,100,0,100,0,100,0,10,55,100,0,5,60,100,0,,,1,,,,,30,60,,,,,15,45,,,,,100,0,1,,,15,55,,,,,20,65,,,,,0,45,,,,,,1,,,1,,,100,0,,,,,100,0,,,100,0,,,,,100,0,,,100,0,,,,,20,40,,,1,,,,,50,80,,,,,100,0,,,,,100,0,,1,,,,30,73,,,,,20,50,,,,,15,55,,,,1,,,,30,100,,,,,5,58,,,,,100,0,,,,,,,,,,,,,,,,,,,,,,,,,,,,,,,,,,,,,,,,,,,,,,,,,,,,,,,,,,,,,,,,,,,1,,1,,,20,60,,,100,0,,,20,65,,,30,61,,,20,40,,,100,0,1,,,,25,60,,,,,,,30,65,,,,,,,100,0,,,,,,,1,1,1,30,80,30,70,30,85,10,70,20,60,10,65,100,0,20,55,15,61,1,1,1,15,45,19,42,20,45,20,35,19,50,10,45,10,50,15,40,20,40,,39.792999267578,-86.285301208496,-1,
R_1WYlgGcyzHeObmx,Default Response Set,Anonymous,,,70.95.73.233,0,2017-08-30 23:46:08,2017-08-31 00:01:29,1,0,0,0,A3LRZX8477TYYZ,3I02618YA1QISMXIVUAPWGYYT00PU9,1,1,1,1,1,1,1,1,1,1,1,1,1,,1,1,,1,1,,,,,,,,,1,,,,15,50,,,,,100,0,,,,,19,70,,,,,1,,,,,5,100,,,,,0,60,,,,,15,70,1,1,1,10,40,20,50,10,90,10,60,15,60,20,50,19,60,20,70,40,80,1,1,1,20,60,100,0,100,0,100,0,100,0,0,55,100,0,0,56,0,40,1,,,40,70,,,,,20,51,,,,,20,100,,,,,,,1,,,,,40,,,,,,10,57,,,,,0,40,1,,1,,,100,0,,,100,0,,,,,100,0,,,100,0,,,,,100,0,,,100,0,,,,,,1,,,,100,0,,,,,100,0,,,,,100,0,,,1,,,15,100,,,,,0,60,,,,,0,40,,,,,,,1,,,,,100,0,,,,,100,0,,,,,100,0,,,,,,,,,,,,,,,,,,,,,,,,,,,,,,,,,,,,,,,,,,,,,,,,,,,,,,,,,,,,,,,,,1,,1,,,15,40,,,5,35,,,10,40,,,20,50,,,20,40,,,20,70,,1,,,,,2,100,,,,,,,30,60,,,,,,,19,60,,,,,1,1,1,10,37,20,60,100,0,50,,19,35,0,40,0,50,0,40,0,40,1,1,1,20,40,20,50,10,40,25,60,0,40,10,30,0,50,0,30,10,70,Thank you!,32.957000732422,-117.19789886475,-1,
R_3PTrlHEmZGx3ZvD,Default Response Set,Anonymous,,,74.243.159.249,0,2017-08-31 00:17:43,2017-08-31 00:40:01,1,0,0,0,A38DXFI1TZA295,3EQHHY4HQTCVUUE4RACUUVSQTSKG5E,1,1,1,1,1,1,1,1,1,1,1,1,1,,1,1,,1,1,,,,,,,,1,,,18,48,,,,,7,62,,,,,23,62,,,,,,,1,,,,,17,55,,,,,15,54,,,,,25,57,1,1,1,18,48,15,77,15,57,21,59,8,41,21,67,0,58,10,57,32,78,1,1,1,36,93,17,56,30,76,12,58,10,62,15,62,15,77,0,49,5,53,1,,,17,46,,,,,0,53,,,,,17,100,,,,,,,1,,,,,21,47,,,,,17,52,,,,,3,58,1,1,,,,100,0,100,0,,,,,,,100,0,100,0,,,,,,,100,0,100,0,,,,,,,1,,,100,0,,,,,100,0,,,,,100,0,,,,,,1,,,,17,100,,,,,0,55,,,,,8,58,,,1,,,13,49,,,,,0,39,,,,,11,42,,,,,,,,,,,,,,,,,,,,,,,,,,,,,,,,,,,,,,,,,,,,,,,,,,,,,,,,,,,,,,,,,,,,,1,,1,,,17,57,,,17,58,,,16,59,,,16,83,,,8,43,,,21,74,,,,1,,,,,,,14,65,,,,,,,13,56,,,,,,,4,54,1,1,1,17,58,22,100,14,100,11,71,12,58,7,58,30,66,14,48,13,68,1,1,1,18,78,19,81,15,55,0,78,0,57,3,56,9,56,10,100,16,82,,36.339996337891,-79.628799438477,-1,
R_Q5RjoMGTW0hkjvj,Default Response Set,Anonymous,,,68.100.174.128,0,2017-08-30 22:55:28,2017-08-30 22:56:58,0,0,0,0,A4J4GGMKJ68L0,39ASUFLU6YR6CZ2NRL51MBYY9BFXEO,1,1,1,1,1,1,1,1,1,1,1,1,1,,1,1,,1,1,,,,,,,,,,,,,,,,,,,,,,,,,,,,,,,,,,,,,,,,,,,,,,,,,,,,,,,,,,,,,,,,,,,,,,,,,,,,,,,,,,,,,,,,,,,,,,,,,,,,,,,,,,,,,,,,,,,,,,,,,,,,,,,,,,,,,,,,,,,,,,,,,,,,,,,,,,,,,,,,,,,,,,,,,,,,,,,,,,,,,,,,,,,,,,,,,,,,,,,,,,,,,,,,,,,,,,,,,,,,,,,,,,,,,,,,,,,,,,,,,,,,,,,,,,,,,,,,,,,,,,,,,,,,,,,,,,,,,,,,,,,,,,,,,,,,,,,,,,,,,,,,,,,,,,,,,,,,,,,,,,,,,,,,,,,,,,,,,,,,,,,,,,,,,,,,,,,,,,,,,,,,,,,,,,,,1,1,1,,,,,,,,,,,,,,,,,,,,,,-1,
R_1FfXAk84LvDRKJK,Default Response Set,Anonymous,,,68.100.174.128,8,2017-08-30 22:51:53,2017-08-30 22:57:06,0,0,0,0,A4J4GGMKJ68L0,39ASUFLU6YR6CZ2NRL51MBYY9BFXEO,1,1,1,1,1,1,1,1,1,1,1,1,1,,1,1,,1,1,,,,,,,,,,,,,,,,,,,,,,,,,,,,,,,,,,,,,,,,,,,,,,,,,,,,,,,,,,,,,,,,,,,,,,,,,,,,,,,,,,,,,,,,,,,,,,,,,,,,,,,,,,,,,,,,,,,,,,,,,,,,,,,,,,,,,,,,,,,,,,,,,,,,,,,,,,,,,,,,,,,,,,,,,,,,,,,,,,,,,,,,,,,,,,,,,,,,,,,,,,,,,,,,,,,,,,,,,,,,,,,,,,,,,,,,,,,,,,,,,,,,,,,,,,,,,,,,,,,,,,,,,,,,,,,,,,,,,,,,,,,,,,,,,,,,,,,,,,,,,,,,,,,,,,,,,,,,,,,,,,,,,,,,,,,,,,,,,,,,,,,,,,,,,,,,,,,,,,,,,,,,,,,,,,,,1,1,1,,,,,,,,,,,,,,,,,,,,,,-1,
R_3g5ZqlRskO2rvjJ,Default Response Set,Anonymous,,,47.150.183.33,0,2017-08-30 23:09:14,2017-08-30 23:11:19,0,0,0,0,A1NGABF082HR2P,39ASUFLU6YR6CZ2NRL51MBYY9BFXEO,1,1,1,1,1,1,1,1,1,1,,,,,,,,,,,,,,,,,,,,,,,,,,,,,,,,,,,,,,,,,,,,,,,,,,,,,,,,,,,,,,,,,,,,,,,,,,,,,,,,,,,,,,,,,,,,,,,,,,,,,,,,,,,,,,,,,,,,,,,,,,,,,,,,,,,,,,,,,,,,,,,,,,,,,,,,,,,,,,,,,,,,,,,,,,,,,,,,,,,,,,,,,,,,,,,,,,,,,,,,,,,,,,,,,,,,,,,,,,,,,,,,,,,,,,,,,,,,,,,,,,,,,,,,,,,,,,,,,,,,,,,,,,,,,,,,,,,,,,,,,,,,,,,,,,,,,,,,,,,,,,,,,,,,,,,,,,,,,,,,,,,,,,,,,,,,,,,,,,,,,,,,,,,,,,,,,,,,,,,,,,,,,,,,,,,,,,,,,,,,,,,,,,,,,,,,,,,,,,,,,,,,,-1,
R_Q9uaO8CD9UN99M5,Default Response Set,Anonymous,,,68.51.41.74,0,2017-08-31 06:56:30,2017-08-31 07:34:24,1,0,0,0,A11P1OS26E6AMO,3OWEPKL08AWGRQ99274MIZFJLA1N78,1,1,1,1,1,1,1,1,1,1,1,1,1,,1,1,,1,1,,,,,,,,,1,,,,18,88,,,,,0,90,,,,,10,90,,,1,,,15,80,,,,,0,90,,,,,0,100,,,,,1,1,1,15,75,10,60,5,100,5,90,0,97,0,85,0,100,0,100,20,80,1,1,1,30,100,10,100,20,100,15,85,5,95,5,90,5,90,0,92,0,95,1,,,15,100,,,,,5,93,,,,,13,100,,,,,,1,,,,25,100,,,,,10,90,,,,,0,90,,,,,,1,1,,,,,,,,0,0,0,,,,,,,0,20,0,5,,,,,,,0,35,0,25,,1,,,,20,39,,,,,0,55,,,,,0,35,,,,,1,,,,,15,97,,,,,0,95,,,,,0,100,,1,,,,10,100,,,,,0,85,,,,,15,95,,,,,,,,,,,,,,,,,,,,,,,,,,,,,,,,,,,,,,,,,,,,,,,,,,,,,,,,,,,,,,,,,,1,1,,,5,90,15,85,,,,,5,95,0,95,,,,,0,100,10,100,,,,,1,,,,,,,,,,,,5,95,,,,,,,10,90,,,,,,,1,1,1,10,100,10,100,20,100,5,85,15,90,5,90,15,85,0,95,0,90,1,1,1,15,100,10,95,10,100,10,95,0,95,0,95,0,95,0,90,10,100,,39.592498779297,-86.111099243164,-1,
R_2qjxW7q9VOgssts,Default Response Set,Anonymous,,,63.192.101.91,0,2017-08-31 10:13:37,2017-08-31 10:33:43,1,0,0,0,A3UTFL5JHRQCM1,336YQZE83WYVM4AQ2DAP70CNPJSM5Y,1,1,1,1,1,1,1,1,1,1,1,1,1,,1,1,,1,1,,,,,,,,,1,,,,28,91,,,,,28,70,,,,,0,48,,,,1,,,,11,28,,,,,5,50,,,,,6,50,,,1,1,1,25,43,32,32,28,68,24,46,29,69,26,45,0,49,29,34,28,69,1,1,1,41,58,100,0,100,0,100,0,100,0,0,59,100,0,0,61,100,0,1,,,29,59,,,,,100,0,,,,,26,97,,,,,,,1,,,,,33,59,,,,,15,66,,,,,13,27,1,,,,1,100,0,,,,,,,,,100,0,,,,,,,,,100,0,,,,,,,,,,,1,,,,,47,100,,,,,0,49,,,,,0,49,1,,,22,95,,,,,52,66,,,,,100,11,,,,,1,,,30,57,,,,,4,46,,,,,0,55,,,,,,,,,,,,,,,,,,,,,,,,,,,,,,,,,,,,,,,,,,,,,,,,,,,,,,,,,,,,,,,,,,,,,,1,1,,,,,29,60,29,48,,,,,7,31,0,51,,,,,49,78,28,71,,,,1,,,,,,,27,80,,,,,,,7,49,,,,,,,23,58,1,1,1,20,69,22,76,39,100,3,60,5,60,0,59,0,51,0,59,0,73,1,1,1,19,71,20,49,20,49,4,50,0,51,0,49,0,50,0,60,20,78,That was very interesting. I liked it. ,39.901000976562,-121.83059692383,-1,
R_yDPBGLz9VmulgEF,Default Response Set,Anonymous,,,104.32.37.92,0,2017-08-31 10:34:26,2017-08-31 17:15:35,1,0,0,0,A1Z0O5MC9DAE8C,3C2NJ6JBKB195PC3WVNRM8YBAZB2ND,1,1,1,1,1,1,1,1,1,1,1,1,1,,1,1,,1,1,,,,,,,,,,1,,,,,5,100,,,,,5,100,,,,,10,95,,,1,,,,,5,100,,,,,5,85,,,,,5,95,1,1,1,5,100,5,95,5,100,6,100,90,,5,100,5,90,85,,5,100,1,1,1,10,96,7,91,20,100,6,100,7,69,10,80,6,96,6,100,5,70,,1,,,,10,80,,,,,5,90,,,,,5,100,,,1,,,5,80,,,,,5,70,,,,,5,100,,,,,,1,,1,,,,0,0,,,0,0,,,,,0,0,,,0,0,,,,,0,0,,,0,0,,,,1,,,,0,0,,,,,0,0,,,,,0,0,,,1,,,10,100,,,,,5,85,,,,,5,100,,,,,1,,,4,95,,,,,5,60,,,,,3,100,,,,,,,,,,,,,,,,,,,,,,,,,,,,,,,,,,,,,,,,,,,,,,,,,,,,,,,,,,,,,,,,,,,,,,1,1,,,,,5,100,5,100,,,,,5,100,5,90,,,,,5,100,5,100,,,,1,,,,,,,5,100,,,,,,,5,90,,,,,,,5,100,1,1,1,20,95,40,75,40,100,5,70,10,60,2,80,5,95,5,70,5,100,1,1,1,5,98,25,97,15,100,10,80,5,80,5,80,10,100,5,100,10,100,,33.88720703125,-118.35479736328,-1,
